titulo,precio,provincia,lugar_raw,num_dormitorios,num_banos,area,num_garages,lugar
Hermoso departamento de arriendo sector iñaquito,500,Pichincha,"Pichincha, Iñaquito, Quito, Ecuador",2.0,2.0,95.0,1.0,Quito
Hermosa suite de arriendo sector iñaquito,375,Pichincha,"Pichincha, Quito, Ecuador",1.0,1.0,65.0,1.0,Quito
Hermoso departamento de oportunidad de arriendo sector Republica del Salvador,650,Pichincha,"Pichincha, Av. República de El Salvador, Quito 170135, Ecuador",2.0,2.0,120.0,1.0,Quito
Hermoso departamento de arriendo de 240 metros Ponceano alto 3 dormitorios $560,560,Pichincha,"Pichincha, Albert Einstein, Quito, Ecuador",3.0,3.0,240.0,2.0,Quito
Hermoso departamento de arriendo de oportunidad en la urbanizacion El Condado,580,Pichincha,"Pichincha, Urbanización El Condado, Calle C, Quito, Ecuador",3.0,4.0,128.0,2.0,Quito
Hermosa suite de arriendo de oportunidad sector Quito Tenis,460,Pichincha,"Pichincha, Quito Tenis, Quito, Ecuador",1.0,1.0,58.0,1.0,Quito
Hermoso departamento en renta sector Quito Tenis,435,Pichincha,"Pichincha, Quito Tenis, Quito 170104, Ecuador",2.0,2.0,98.0,1.0,Quito
Hermoso departamento de arriendo en la Urb. El condado,750,Pichincha,"Pichincha, VGW2+Q5J, Quito 170134, Ecuador",3.0,3.0,190.0,1.0,Quito
Hermosa suite amoblada de arriendo sector Quito Tenis,570,Pichincha,"Pichincha, Quito Tenis, Quito 170104, Ecuador",1.0,1.0,61.0,1.0,Quito
Hermoso departamento en renta/venta sector Quito Tenis,1800,Pichincha,"Pichincha, Quito Tenis, Quito 170104, Ecuador",4.0,3.0,380.0,3.0,Quito
Hermosa suite de arriendo de oportunidad sector Quito Tenis,500,Pichincha,"Pichincha, Quito Tenis, Quito 170104, Ecuador",1.0,1.0,70.0,1.0,Quito
Hermoso departamento de arriendo sector Santa Lucía dos dormitorios de oportunidad,360,Pichincha,"Pichincha, Santa Lucia, Quito, Ecuador",2.0,2.0,105.0,1.0,Quito
Hermoso departamento de arriendo sector Catolica 3 dormitorios de oportunidad,560,Pichincha,"Pichincha, Católica, Quito, Ecuador",3.0,3.0,120.0,1.0,Quito
Hermoso departamento de arriendo duplex ponceano alto,450,Pichincha,"Pichincha, Ponceano Alto, Quito, Ecuador",3.0,3.0,130.0,1.0,Quito
Hermosa casa de arriendo de oportunidad sector Santa Lucía 3 dormitorios,550,Pichincha,"Pichincha, Santa Lucia, Quito, Ecuador",3.0,3.0,140.0,2.0,Quito
Hermoso departamento de arriendo de oportunidad 3 dormitorios Ponceano alto,400,Pichincha,"Pichincha, Ponceano Alto, Quito, Ecuador",3.0,2.0,105.0,1.0,Quito
Hermoso departamento de arriendo de oportunidad sector Monteserrin 2 dormitorios,400,Pichincha,"Pichincha, Monteserrin, Quito, Ecuador",2.0,2.0,90.0,1.0,Quito
Casa en renta con patio! Casa de arriendo Pomasqui 3 dormitorios 2 plantas,400,Pichincha,"Pichincha, Pomasqui, Quito, Ecuador",3.0,3.0,100.0,2.0,Quito
Hermosa casa de arriendo sector Ponceano colegio Einstein,600,Pichincha,"Pichincha, Ponceano Alto, Quito, Ecuador",4.0,3.0,130.0,2.0,Quito
Hermoso departamento de arriendo sector Carolina Alianza Francesa,550,Pichincha,"Pichincha, La Carolina, Quito, Ecuador",3.0,2.0,110.0,1.0,Quito
Hermoso departamento de arriendo de oportunidad sector Quicentro Megamaxi,500,Pichincha,"Pichincha, Quicentro Shopping, Avenida de los Shyris, Quito, Ecuador",2.0,2.0,100.0,1.0,Quito
Hermoso departamento de arriendo amoblado González Suárez,600,Pichincha,"Pichincha, Gonzalez Suarez, Quito, Ecuador",2.0,3.0,90.0,1.0,Quito
Hermoso departamento de arriendo sector El Bosque,690,Pichincha,"Pichincha, El Bosque, Quito, Ecuador",3.0,2.0,120.0,1.0,Quito
Hermosa suite amoblada de arriendo sector Quito Tennis,450,Pichincha,"Pichincha, Quito Tenis, Quito, Ecuador",1.0,2.0,75.0,1.0,Quito
"Departamento de Arriendo , Excelente Ubicación",600,Pichincha,"Pichincha, Av. Eloy Alfaro, Quito, Ecuador",3.0,2.0,160.0,1.0,Quito
Hermoso Departamento de Arriendo con vista espectacular y ubicación excepcional,700,Pichincha,"Pichincha, Av. Eloy Alfaro en la ciudad de Quito",3.0,3.0,150.0,2.0,Av. Eloy Alfaro en la ciudad de Quito
"Arriendo Excelente Departamento Con 3 Terrazas, Sector Granda Centeno",1200,Pichincha,"Pichincha, Juan José de Villalengua, Quito, Ecuador",4.0,4.0,350.0,2.0,Quito
Se arrienda local comercial grande,600,Pichincha,"Pichincha, Machachi, Ecuador",3.0,2.0,90.0,1.0,Machachi
Amplio Local de Arriendo Con Ubicación Privelegiada,8000,Pichincha,"Pichincha, Av. de los Shyris, Quito, Ecuador",3.0,9.0,1000.0,13.0,Quito
Local Comercial de Renta en Excelente ubicación,1200,Pichincha,"Pichincha, Av. de los Shyris, Quito, Ecuador",3.0,1.0,100.0,1.0,Quito
DEPARTAMENTO DE 3 DORMITORIOS EN PONCEANO,460,Pichincha,"Pichincha, Mariano Paredes, Quito, Ecuador",3.0,2.0,115.0,2.0,Quito
Arriendo Bonito Departamento Sector Bosmediano,550,Pichincha,"Pichincha, Jose Bosmediano, Quito, Ecuador",3.0,2.0,92.0,2.0,Quito
Rento Penthouse Sector norte de Quito,2000,Pichincha,"Pichincha, Luxemburgo, Quito, Ecuador",5.0,5.0,300.0,3.0,Quito
Suite amoblada Av.Diego de Almagro y Juan Severino,680,Pichincha,"Pichincha, Diego de Almagro, Quito, Ecuador",1.0,2.0,51.0,1.0,Quito
SE ARRIENDA MINIDEPARTAMENTO NORTE DE QUITO,115,Pichincha,"Pichincha, Comité del Pueblo, Quito, Ecuador",3.0,1.0,80.0,1.0,Quito
“Rento amplio departamento en la Carolina”,520,Pichincha,"Pichincha, Av. Atahualpa & Iñaquito, Quito, Ecuador",3.0,2.0,150.0,1.0,Quito
“Rento departamento en sector la Carolina”,750,Pichincha,"Pichincha, Catalina de Aldaz & Av. Portugal, Quito, Ecuador",2.0,2.0,87.0,1.0,Quito
"“Rento Departamento Amoblado, Sector La Carolina”",1390,Pichincha,"Pichincha, Catalina de Aldaz & Avenida Portugal, Quito, Ecuador",3.0,3.0,126.0,1.0,Quito
“Rento Oficina-Consultorio en la Marina de Jesús”,520,Pichincha,"Pichincha, Calle B & San Gabriel, Quito, Ecuador",3.0,2.0,84.0,2.0,Quito
RENTO DEPARTAMENTO EN EL CONJUNTO SAN MARTIN,450,Pichincha,"Pichincha, Hernandez de Giron & Pedregal, Quito, Ecuador",2.0,1.0,69.0,1.0,Quito
"En Renta Casa en Conj Terracota B, Sangolquí",350,Pichincha,"Pichincha, Conjunto Habitacional Terracota B, Venezuela, Sangolquí, Ecuador",2.0,2.0,90.0,1.0,Sangolquí
"LOCAL COMERCIAL EN ARRIENDO, AV.6 DE DIC. -QUITO",1200,Pichincha,"Pichincha, Av. 6 de Diciembre, Quito, Ecuador",3.0,2.0,186.0,1.0,Quito
"RENTA HERMOSO DEPARTAMENTO DÚPLEX, USHIMANA",380,Pichincha,"Pichincha, Ushimana, Quito, Ecuador",3.0,2.0,145.0,2.0,Quito
OFICINAS EN RENTA SECTOR REPÚBLICA DEL SALVADOR,2800,Pichincha,"Pichincha, Av. Republica del Salvador & Moscú, Quito, Ecuador",3.0,3.0,216.0,3.0,Quito
EN RENTA LOCAL COMERCIAL SECTOR COLIBRÍ SANGOLQUÍ,800,Pichincha,"Pichincha, El Colibrí, Avenida General Rumiñahui, Sangolquí, Ecuador",3.0,2.0,101.0,2.0,Sangolquí
"OFICINAS DE RENTA 143 M2, SECTOR IÑAQUITO",650,Pichincha,"Pichincha, Av. Gaspar de Villarroel & Av. Amazonas, Quito, Ecuador",3.0,2.0,143.0,1.0,Quito
EN RENTA LOCAL COMERCIAL SECTOR COLIBRÍ SANGOLQUÍ,800,Pichincha,"Pichincha, Del Colibrí, Sangolquí, Ecuador",3.0,2.0,100.0,1.0,Sangolquí
AMPLIAS BODEGAS DE RENTA PUSUQUÍ SECTOR 4 ESQUINAS,380,Pichincha,"Pichincha, Av. Manuel Córdova Galarza, Quito, Ecuador",3.0,2.0,90.0,1.0,Quito
LOCAL U OFICINA DE RENTA PUSUQUÍ SECTOR 4 ESQUINAS,180,Pichincha,"Pichincha, Av. Manuel Córdova Galarza, Quito, Ecuador",3.0,1.0,15.0,1.0,Quito
AMPLIO LOCAL COMERCIAL DE RENTA PUSUQUÍ,350,Pichincha,"Pichincha, Av. Manuel Córdova Galarza, Quito, Ecuador",3.0,2.0,32.0,1.0,Quito
DEPARTAMENTO DE 2 DORMITORIOS SECTOR LA PRADERA,550,Pichincha,"Pichincha, Diego de Almagro & Alpallana, Quito, Ecuador",2.0,1.0,72.0,2.0,Quito
REACTIVA TU NEGOCIO- CENTRO DE LATACUNGA,120,Cotopaxi,"Cotopaxi, Latacunga, Ecuador",3.0,2.0,48.0,1.0,Latacunga
Arriendo Galpón Industrial/ Bodega. Sector Parques del Recuerdo Norte,2800,Pichincha,"Pichincha, Juncal, Quito, Ecuador",3.0,2.0,954.0,1.0,Quito
RENTO DEPARTAMENTO DE 2 DORMITORIOS,350,Pichincha,"Pichincha, De Las Frutillas, Quito, Ecuador",2.0,2.0,74.0,1.0,Quito
Arriendo local comercial dúplex en La Mariscal,1600,Pichincha,"Pichincha, Diego de Almagro & La Pinta, Quito, Ecuador",3.0,2.0,75.0,1.0,Quito
ARRIENDO SUITE AMOBLADA EN EL QUITO TENIS,750,Pichincha,"Pichincha, Quito Tenis, Quito, Ecuador",1.0,1.0,125.0,1.0,Quito
Quieres rentar consultorio Hospital de los Valles?,350,Pichincha,"Pichincha, Av. Interoceánica, Quito, Ecuador",3.0,2.0,43.0,1.0,Quito
DEPARTAMENTO TRES DORMITORIOS SECTOR EL BOSQUE,650,Pichincha,"Pichincha, Av. Brasil & El Condor, Quito, Ecuador",3.0,3.0,190.0,2.0,Quito
¿Buscas rentar un departamento en Mastodontes?,350,Pichincha,"Pichincha, Av Jaime Roldós Aguilera, Quito, Ecuador",3.0,1.0,125.0,1.0,Quito
Arriendo consultorio en la Clínica Pichincha,350,Pichincha,"Pichincha, Avenida General Ignacio de Veintimilla & 9 de Octubre, Quito, Ecuador",3.0,2.0,30.0,1.0,Quito
EN RENTA – ÁREA COMERCIAL VÍA AMAGUAÑA TAMBILLO,150,Pichincha,"Pichincha, Tambillo, Ecuador",3.0,2.0,143.0,3.0,Tambillo
"CASA DE ARRIENDO 189 M2, SECTOR DE CONOCOTO",1000,Pichincha,"Pichincha, Polit Lasso, Quito, Ecuador",5.0,3.0,180.0,1.0,Quito
Departamento Amplio en el Norte de Quito,350,Pichincha,"Pichincha, Jorge Piedra Y Gonzalo Gallo, Quito, Ecuador",4.0,3.0,100.0,1.0,Quito
LOCAL EN RENTA SAN ISIDRO la California Alta y E16 Conjunto Mirador de Amagasí,200,Pichincha,"Pichincha, California Alta & Calle E16, Conjunto Habitacional Mirador de Amagasí, Quito, Ecuador",3.0,1.0,23.0,1.0,Quito
"OFICINAS DE ARRIENDO 200 M2, SECTOR IÑAQUITO",1500,Pichincha,"Pichincha, Avenida Gaspar de Villaroel & Japón, Quito, Ecuador",3.0,2.0,200.0,4.0,Quito
LOCAL COMERCIAL DE ARRIENDO 80 M2 SECTOR AMERICA,400,Pichincha,"Pichincha, Buenos Aires & Estados Unidos, Quito, Ecuador",3.0,2.0,80.0,1.0,Quito
Departamento Amplio en el Norte de Quito,380,Pichincha,"Pichincha, Callde de los Guabos y de las Cucardas, sector el Inca",3.0,2.0,120.0,1.0,sector el Inca
Local en Renta Terracota,450,Pichincha,"Pichincha, Sangolquí, Ecuador",3.0,1.0,110.0,1.0,Sangolquí
Hermoso departamento Remodelado centro norte,480,Pichincha,"Pichincha, Sector Mariana de Jesús, Calle Nuño de Valderrama y Mariana de Jesús",2.0,3.0,115.0,1.0,Calle Nuño de Valderrama y Mariana de Jesús
DEPARTAMENTO EN RENTA EN LA DIEGO DE ALMAGRO,100,Pichincha,"Pichincha, Whymper & Diego de Almagro, Quito 170517, Ecuador",2.0,2.0,1.0,1.0,Quito
ARRIENDO OFICINA EN SANGOLQUI VALLE DE LOS CHILLOS,230,Pichincha,"Pichincha, Sangolquí, Ecuador",3.0,1.0,53.0,1.0,Sangolquí
"RENTA AMPLIO DEPARTAMENTO 3D, ORIENTE QUITEÑO",1500,Pichincha,"Pichincha, Quiteño Libre & Fernando Ayarza, Quito, Ecuador",3.0,4.0,196.0,2.0,Quito
SUITE AMOBLADA DE RENTA TUMBACO,650,Pichincha,"Pichincha, Tumbaco, Quito, Ecuador",1.0,1.0,70.0,1.0,Quito
"OFICINAS DE ARRIENDO 210 M2, SECTOR COMERCIAL NORTE",500,Pichincha,"Pichincha, Cuero y Caicedo, Quito, Ecuador",3.0,2.0,210.0,2.0,Quito
"RENTA AMPLIO LOCAL 225 m2 DUPLEX, EDIFICIO FORESTA",1800,Pichincha,"Pichincha, Alonso De Torres & Av. Edmundo Carvajal, Quito 170132, Ecuador",3.0,2.0,253.0,3.0,Quito
BODEGA DE ARRIENDO 500m2 EN EL INCA BUENOS AIRES,1350,Pichincha,"Pichincha, San Isidro del Inca, Quito, Ecuador",3.0,2.0,500.0,4.0,Quito
HERMOSA Y CONFORTABLE CASA EN RENTA LA PAMPA,600,Pichincha,"Pichincha, La Pampa, Quito, Ecuador",3.0,2.0,137.0,2.0,Quito
EXCELENTE DEPARTAMENTO SECTOR “QUICENTRO SHOPPING”,600,Pichincha,"Pichincha, Quicentro Shopping, Avenida 6 de Diciembre, Quito, Ecuador",4.0,3.0,240.0,2.0,Quito
"EN RENTA DEPARTAMENTO, CONJUNTO DIVINO NIÑO",120,Pichincha,"Pichincha, Turubamaba, Ecuador",2.0,1.0,48.0,1.0,Turubamaba
ARRIENDO BODAGA EN EL SECTOR DE FAJARDO,1300,Pichincha,"Pichincha, Avenida Puruhaes, Quito, Ecuador",3.0,2.0,324.0,5.0,Quito
ARRIENDO BODEGA EN EL SECTOR DE FAJARDO,1300,Pichincha,"Pichincha, Avenida Puruhaes, Quito, Ecuador",3.0,2.0,324.0,1.0,Quito
SUITE AMOBLADA DE ALQUILER EN LA PRADERA,550,Pichincha,"Pichincha, La Pradera, Quito, Ecuador",1.0,1.0,72.0,1.0,Quito
duplex en arriendo puente dos,400,Pichincha,"Pichincha, Autopista General Rumiñahui, Quito, Ecuador",4.0,5.0,300.0,1.0,Quito
ARRIENDO MINI DEPARTAMENTO EN PUERTO FRANCISCO DE ORELLANA,150,Orellana,"Orellana, San Sebastián del Coca, Ecuador",1.0,1.0,28.0,2.0,San Sebastián del Coca
Hermosa casa de arriendo sector Ponceano de oportunidad $580,580,Pichincha,"Pichincha, Albert Einstein, Quito, Ecuador",3.0,3.0,180.0,2.0,Quito
Hermoso departamento de arriendo sector Ponceano alto 3 dormitorios de oportunidad $380,380,Pichincha,"Pichincha, Ponceano Alto, Quito, Ecuador",3.0,3.0,110.0,1.0,Quito
Casa en arriendo Los Ceibos Ibarra,480,Imbabura,"Imbabura, Calle Río Chimbo 7-63 y Río Palora",4.0,3.0,140.0,1.0,Calle Río Chimbo 7-63 y Río Palora
Alquilo moderno departamento en Kennedy Norte Guayaquil,600,Guayas,"Guayas, Kennedy Norte, Guayaquil, Ecuador",2.0,2.0,68.0,1.0,Guayaquil
Se Renta Excelente Local Comercial Por Estrenar Sector San Gabriel,520,Pichincha,"Pichincha, Hernandez de Giron, Quito, Ecuador",3.0,1.0,57.0,1.0,Quito
Arriendo Departamento Cerca Universidad Central,300,Pichincha,"Pichincha, Humberto Albornoz, Quito, Ecuador",3.0,1.0,90.0,1.0,Quito
EN RENTA OFICINA – CONSULTORIO MÉDICO – LA PRADERA,265,Pichincha,"Pichincha, Alemania & Av. Eloy Alfaro, Quito, Ecuador",3.0,1.0,34.0,1.0,Quito
EN RENTA DEPARTAMENTO AMOBLADO,350,Pichincha,"Pichincha, Antiguo Aeropuerto, Quito, Ecuador",2.0,1.0,50.0,1.0,Quito
DEPARTAMENTO EN SAIBA,500,Guayas,"Guayas, Ciudadela Saiba, Guayaquil, Ecuador",3.0,3.0,120.0,1.0,Guayaquil
RENTA DEPARTAMENTO DE 2 DORMITORIOS URB. PUERTO AZUL VIA LA COSTA GUAYAQUIL ECUADOR,600,Guayas,"Guayas, Urbanización Puerto Azul, Guayaquil, Ecuador",2.0,4.0,68.0,1.0,Guayaquil
Hermosa suite de arriendo con Línea blanca de oportunidad sector el bosque $480 incluido Alicuota,480,Pichincha,"Pichincha, El Bosque, Quito, Ecuador",1.0,2.0,70.0,1.0,Quito
Hermoso departamento de arriendo de oportunidad sector Hospital Metropolitano 3 dormitorios precio $450,450,Pichincha,"Pichincha, Hospital Metropolitano, Avenida Mariana de Jesús, Quito, Ecuador",3.0,2.0,97.0,1.0,Quito
Hermoso departamento de arriendo de oportunidad sector Pomasqui 2 dormitorios,280,Pichincha,"Pichincha, Pomasqui, Quito, Ecuador",2.0,1.0,80.0,1.0,Quito
SE RENTA LOCAL Y OFICINA EN BELLAVISTA DE CALDERON,690,Pichincha,"Pichincha, Bellavista, Calderon, Quito, Ecuador",3.0,2.0,140.0,1.0,Quito
LOCAL GRANDE E IDEAL PARA FRANQUICIA o RESTAURANTE,3500,Pichincha,"Pichincha, Juan León Mera, Quito, Ecuador",3.0,3.0,410.0,1.0,Quito
DEPARTAMENTO EN SAIBA,500,Guayas,"Guayas, Ciudadela Saiba, Guayaquil, Ecuador",3.0,2.0,150.0,1.0,Guayaquil
SE ARRIENDA GALPON 390 M2 EN PONCEANO,1650,Pichincha,"Pichincha, Ponceano, Ecuador",3.0,1.0,390.0,2.0,Ponceano
SE RENTA SUITE 95m2 SECTOR BELLAVISTA,580,Pichincha,"Pichincha, Bellavista, Quito, Ecuador",1.0,2.0,95.0,1.0,Quito
OFICINA EN RENTA A POCOS METROS DEL SAN LUIS,350,Pichincha,"Pichincha, Av San Luis, Quito, Ecuador",1.0,1.0,50.0,1.0,Quito
Departamento 3 dormitorios en Arriendo,350,Pichincha,"Pichincha, Núñez de Bonilla 286-340, Quito, Ecuador",3.0,2.0,140.0,1.0,Quito
DEPARTAMENTO EN ARRIENDO SAIBA,500,Guayas,"Guayas, Ciudadela Saiba, Guayaquil, Ecuador",3.0,2.0,120.0,1.0,Guayaquil
ARRIENDO O VENDO 1600 m2 GALPON COMERCIAL,3500,Pichincha,"Pichincha, Bellavista Y Las Lagunas, Quito, Ecuador",3.0,6.0,1600.0,22.0,Quito
"2 DORMITORIOS, PLANTA BAJA",200,Pichincha,"Pichincha, Chontamarca, Ecuador",2.0,1.0,100.0,1.0,Chontamarca
Departamento amoblado de Renta en la Coruña,1100,Pichincha,"Pichincha, Avenida La Coruña & Valladolid, Quito, Ecuador",3.0,2.0,100.0,1.0,Quito
Oficina en renta Sector la Carolina,700,Pichincha,"Pichincha, Avenida Republica del Salvador, Quito, Ecuador",1.0,1.0,58.0,1.0,Quito
OFICINA EN RENTA SECTOR LA COLÓN,220,Pichincha,"Pichincha, Av. 10 de Agosto & Javier Ascazubi, Quito, Ecuador",1.0,1.0,60.0,1.0,Quito
OFICINA IDEAL REACTIVATE- LA COLÓN,300,Pichincha,"Pichincha, Av. 10 de Agosto & Javier Ascazubi, Quito, Ecuador",1.0,1.0,80.0,1.0,Quito
BONITO LOCAL COMERCIAL DE ALQUILER CAPELO,120,Pichincha,"Pichincha, Capelo, Quito, Ecuador",3.0,1.0,30.0,2.0,Quito
Departamento 2D Renta sector La Kennedy,220,Pichincha,"Pichincha, La Kennedy, Quito, Ecuador",2.0,1.0,45.0,1.0,Quito
HERMOSO LOFT DE ARRIENDO EN LA LEONIDAS PLAZA,500,Pichincha,"Pichincha, Leonidas Plaza Gutierrez, Quito, Ecuador",1.0,1.0,17.0,1.0,Quito
EN RENTA LOCAL COMERCIAL SECTOR SAN RAFAEL,250,Pichincha,"Pichincha, San Rafael, Ecuador",3.0,2.0,45.0,3.0,San Rafael
DE ALQUILER BODEGA EN EL COLIBRÍ,1000,Pichincha,"Pichincha, Sangolqui, Sangolquí, Ecuador",3.0,2.0,200.0,1.0,Sangolquí
Hostel en Renta Sector el Chaupi,700,Pichincha,"Pichincha, El Chaupi, El chaupi, Ecuador",8.0,5.0,783.0,15.0,El chaupi
Departamento con Terraza Privada. Sector Mall del Sur .,300,Guayas,"Guayas, Ciudadela Moran Valverde",2.0,1.0,70.0,1.0,Ciudadela Moran Valverde
SE RENTA EDIFICIO SECTOR ESTRATEGICO EN LATACUNGA,3700,Cotopaxi,"Cotopaxi, Latacunga, Cotopaxi, Ecuador",3.0,2.0,100.0,1.0,Cotopaxi
SUITE AMOBLADA EN LA DIEGO DE ALMAGRO Y ALPALLANA,400,Pichincha,"Pichincha, Diego de Almagro & Alpallana, Quito, Ecuador",1.0,1.0,87.0,1.0,Quito
Bodega en Renta Parque industrial Sangolquí,2500,Pichincha,"Pichincha, Sangolqui, Sangolquí, Ecuador",3.0,2.0,640.0,1.0,Sangolquí
LOCAL U OFICINA EN EL EDIFICIO WORL TRADE CENTER,590,Pichincha,"Pichincha, Edificio World Trade Center, Avenue 12 de Octubre, Quito, Ecuador",3.0,2.0,75.0,1.0,Quito
DEPARTAMENTO DE ARRIENDO GONZALEZ SUAREZ,750,Pichincha,"Pichincha, Gonzalez Suarez, Quito, Ecuador",4.0,4.0,200.0,1.0,Quito
DEPARTAMENTO DE ARRIENDO EN COTOCOLLAO,300,Pichincha,"Pichincha, Cotocollao, Quito, Ecuador",3.0,2.0,120.0,1.0,Quito
SUITE DE ARRIENDO AMOBLADA,450,Pichincha,"Pichincha, Avenida Republica del Salvador, Quito, Ecuador",1.0,1.0,65.0,1.0,Quito
Arriendo departamento en el centro de Babahoyo,220,Los Rios,"Los Rios, Calle 18 de Mayo, Babahoyo, Ecuador",2.0,1.0,87.0,1.0,Babahoyo
Departamento a estrenar en el centro de Babahoyo,240,Los Rios,"Los Rios, Calle 18 de Mayo, Babahoyo, Ecuador",2.0,1.0,90.0,1.0,Babahoyo
ALQUILER DEPARTAMENTO CENTRO BABAHOYO,240,Los Rios,"Los Rios, Calle 18 de Mayo, Babahoyo, Ecuador",2.0,1.0,90.0,1.0,Babahoyo
ARRIENDO CASA EN CUMBAYA COLEGIO MENOR,2600,Pichincha,"Pichincha, Cumbayá, Quito, Ecuador",4.0,4.0,470.0,6.0,Quito
HERMOSA SUITE CON BALCÓN EN LA 12 DE OCTUBRE,550,Pichincha,"Pichincha, Av. 12 de Octubre, Quito, Ecuador",1.0,1.0,87.0,1.0,Quito
HERMOSA SUITE FULL AMOBLADA EN LA GONZALEZ SUAREZ,500,Pichincha,"Pichincha, Gonzalez Suarez, Quito, Ecuador",1.0,1.0,110.0,1.0,Quito
PISO EN RENTA PARA PEQUEÑA INDUSTRIA CHILLOGALLO,400,Pichincha,"Pichincha, Chillogallo, Quito, Ecuador",3.0,2.0,215.0,1.0,Quito
"Departamento Dúplex de 3 dormitorios en conjunto residencial Sironi, Cumbayá",950,Pichincha,"Pichincha, Av. Interoceánica 1/2, Cumbayá, Quito, Ecuador",3.0,3.0,222.0,2.0,Quito
HERMOSA SUITE FULL AMOBLADA EN LA FLORESTA,430,Pichincha,"Pichincha, La Floresta, Quito, Ecuador",1.0,1.0,15.0,1.0,Quito
"ACOJEDOR DEPARTAMENTO AMOBLADO EN ALQUILER KENNEDY AV. SAN JORGE, 4 DORMITORIOS",610,Guayas,"Guayas, Kennedy, Guayaquil, Ecuador",4.0,4.0,205.0,1.0,Guayaquil
ARRIENDO AMAZONAS CON VISTA AL PARQUE DE LA CAROLINA,500,Pichincha,"Pichincha, Av. Río Amazonas, Quito, Ecuador",3.0,3.0,140.0,1.0,Quito
Se Renta Excelente Oficina en el en Edificio Corporativo ZYRA,800,Pichincha,"Pichincha, Avenida Portugal, Quito, Ecuador",1.0,1.0,91.0,1.0,Quito
"Villa En El Sur De Guayaquil, Ciudadela Del IESS, Atrás Del Hospital Teodoro Maldonado.",350,Guayas,"Guayas, Ciudadela del Periodista, Guayaquil, Ecuador",3.0,1.0,91.0,1.0,Guayaquil
En Renta oficina en el edificio World Trade Center,750,Pichincha,"Pichincha, Edificio World Trade Center, Avenue 12 de Octubre, Quito, Ecuador",3.0,2.0,65.0,1.0,Quito
DEPARTAMENTO EN ARRIENDO CIUDADELA LA SAIBA,550,Guayas,"Guayas, Ciudadela Saiba, Guayaquil, Ecuador",3.0,2.0,120.0,1.0,Guayaquil
DEPARTAMENTO DE ARRIENDO SECTOR GRANDA CENTENO,500,Pichincha,"Pichincha, Granda Centeno, Quito, Ecuador",2.0,1.0,142.0,2.0,Quito
RENTO DEPARTAMENTO GRANDE SECTOR LA GASCA,330,Pichincha,"Pichincha, La Gasca, Quito, Ecuador",3.0,2.0,116.0,1.0,Quito
En Renta Lujosa Suite ubicada en el hotel MARRIOTT,1700,Pichincha,"Pichincha, Hotel Marriott Quito, Avenida Francisco de Orellana, Quito, Ecuador",2.0,2.0,92.0,1.0,Quito
Hermoso departamento de arriendo con línea blanca sector el bosque $ 470 incluido alícuota,470,Pichincha,"Pichincha, El Bosque, Quito, Ecuador",2.0,2.0,90.0,1.0,Quito
Hermoso departamento de arriendo de oportunidad sector La prensa Av. el Maestro $320 incluido Alicuota,320,Pichincha,"Pichincha, De la Prensa Y del Maestro, Quito, Ecuador",2.0,2.0,110.0,1.0,Quito
Hermosa casa de arriendo de oportunidad $ 500 dólares sector Santa Lucía,500,Pichincha,"Pichincha, Santa Lucía, Quito, Ecuador",3.0,3.0,150.0,1.0,Quito
ARRIENDO OFICINAS CON BODEGA SECTOR CALDERON,600,Pichincha,"Pichincha, Calderón, Quito, Ecuador",3.0,1.0,170.0,2.0,Quito
Hermosa casa en conjunto Cordillera,500,Pichincha,"Pichincha, Martín Ochoa y av Simón Bolívar (occidental)",3.0,3.0,180.0,2.0,Martín Ochoa y av Simón Bolívar (occidental)
OFICINA DE ARRIENDO SECTOR LA MARISCAL,350,Pichincha,"Pichincha, La Mariscal, Quito, Ecuador",3.0,2.0,48.0,1.0,Quito
"Villa en el Sur de Guayaquil, Ciudadela Del IESS, atrás del Hospital Teodoro Maldonado.",400,Guayas,"Guayas, Av Olmedo, Guayaquil 090314, Ecuador",3.0,1.0,91.0,1.0,Guayaquil
Se Arriendan Departamentos- Ciudadela Las Orquídeas,200,Guayas,"Guayas, Avenida 1 49, Las Orquídeas Este, Guayaquil, Ecuador",2.0,2.0,80.0,1.0,Guayaquil
Casa Independiente en Renta Sector Santa Ines Cumbayá,2600,Pichincha,"Pichincha, Santa Inés, Quito, Ecuador",3.0,3.0,300.0,4.0,Quito
ESPACIOSO DEPARTAMENTO EN RENTA SECTOR BILOXI,280,Pichincha,"Pichincha, Biloxi, Quito, Ecuador",3.0,2.0,117.0,1.0,Quito
"RENTA DE SUITE SEMIAMOBLADA,CUMBAYA scala shopping",550,Pichincha,"Pichincha, Cumbayá, Quito, Ecuador",1.0,1.0,68.0,1.0,Quito
RENTO LOCAL COMERCIAL CON BODEGA EN CHILLOGALLO,300,Pichincha,"Pichincha, Chillogallo, Quito, Ecuador",3.0,2.0,37.0,1.0,Quito
EN RENTA CASA AMOBLADA EN EL CENTRO HISTORICO,1100,Pichincha,"Pichincha, Centro Histórico, Quito, Ecuador",4.0,4.0,700.0,1.0,Quito
"Arriendo Suite Amoblada, La Mariscal",450,Pichincha,"Pichincha, La Mariscal, Quito, Ecuador",1.0,2.0,60.0,1.0,Quito
Arriendo departamento sector cultural La Floresta,425,Pichincha,"Pichincha, Avenida Ladrón de Guevara & Barcelona, Quito, Ecuador",2.0,2.0,90.0,1.0,Quito
EN RENTA LOCAL COMERCIAL AV. PRINCIPAL CAPELO,300,Pichincha,"Pichincha, Capelo, Quito, Ecuador",3.0,2.0,70.0,1.0,Quito
EN RENTA OFICINA SECTOR DEL COLIBRÍ-SANGOLQUÍ,180,Pichincha,"Pichincha, El Colibrí, Avenida General Rumiñahui, Sangolquí, Ecuador",3.0,2.0,27.0,1.0,Sangolquí
EN RENTA OFICINA SECTOR DEL COLIBRÍ-SANGOLQUÍ,160,Pichincha,"Pichincha, El Colibrí, Avenida General Rumiñahui, Sangolquí, Ecuador",3.0,2.0,24.0,1.0,Sangolquí
Suite sector universidad Católica,350,Pichincha,"Pichincha, Toledo & Madrid, Quito 170143, Ecuador",1.0,1.0,70.0,1.0,Quito
EXCELENTE UBICACION LOCAL COMERCIAL RENTA (118M2 – RUMIPAMBA),850,Pichincha,"Pichincha, Veracruz & Avenida de la República, Quito, Ecuador",3.0,2.0,118.0,2.0,Quito
CASA COMERCIAL EXCELENTE UBICACION RENTA (200M2 – RUMIPAMBA),1500,Pichincha,"Pichincha, Veracruz & Avenida de la República, Quito, Ecuador",5.0,2.0,200.0,3.0,Quito
BODEGA COMERCIAL UBICACION ESTRATEGICA DE RENTA (87M2 – RUMIPAMBA),450,Pichincha,"Pichincha, Veracruz & Avenida de la República, Quito, Ecuador",1.0,1.0,87.0,1.0,Quito
LOCAL EN RENTA A ESTRENAR DE 26M2 (EDF. AMELIA) MASTODONTES,200,Pichincha,"Pichincha, Mastodontes, Quito, Ecuador",1.0,1.0,26.0,1.0,Quito
"Arriendo Departamento 3 Dormitorios, La Mariscal",697,Pichincha,"Pichincha, La Mariscal, Quito, Ecuador",3.0,2.0,110.0,2.0,Quito
CONFORTABLE DEP. EXCELENTE UBICACION RENTA (75 MT2) RUMIPAMBA,300,Pichincha,"Pichincha, Antonio de Ulloa & Avenida Atahualpa, Quito, Ecuador",2.0,2.0,75.0,1.0,Quito
DEPARTAMENTO EN RENTA,450,Pichincha,"Pichincha, Nuñez de Vela & Juan José de Villalengua, Quito, Ecuador",2.0,2.0,95.0,1.0,Quito
Casa en Renta 2 pisos – Quito,350,Pichincha,"Pichincha, Rio Peripa, Quito, Ecuador",3.0,2.0,90.0,1.0,Quito
"Arriendo Suite Amoblada, Av. America, Rumipamba",340,Pichincha,"Pichincha, Av. América, Quito, Ecuador",1.0,1.0,50.0,1.0,Quito
Renta de Suite Semi – Amoblada Sector La Carolina,550,Pichincha,"Pichincha, La Carolina, Quito, Ecuador",1.0,1.0,70.0,1.0,Quito
Renta de Consultorio Sector Eloy Alfaro y Alemania,500,Pichincha,"Pichincha, Fortune Plaza Business Center, Avenida Eloy Alfaro, Quito, Ecuador",3.0,1.0,45.0,1.0,Quito
Renta Oficina Sector La Carolina,750,Pichincha,"Pichincha, Avenida Republica del Salvador & Avenida de los Shyris, Quito, Ecuador",3.0,1.0,80.0,1.0,Quito
Departamento en Venta/renta Sector Real Audiencia,517,Pichincha,"Pichincha, Real Audiencia, Quito, Ecuador",2.0,2.0,96.0,1.0,Quito
LINDA OFICINA EN LA AV. COLON Y AMAZONAS ARRIENDO,350,Pichincha,"Pichincha, Av. Cristóbal Colón & Avenida Río Amazonas, Quito, Ecuador",3.0,2.0,51.0,1.0,Quito
"Arriendo Departamento 3 Dormitorios + Estudio, La Mariscal",550,Pichincha,"Pichincha, La Mariscal, Quito, Ecuador",3.0,3.0,140.0,1.0,Quito
EN RENTA OFICINA EN EL CENTRO DE SANGOLQUÍ OFICINA 4,130,Pichincha,"Pichincha, Sangolqui, Sangolquí, Ecuador",3.0,2.0,28.0,1.0,Sangolquí
EN RENTA OFICINA EN EL CENTRO DE SANGOLQUÍ OFICINA 3,170,Pichincha,"Pichincha, Sangolqui, Sangolquí, Ecuador",3.0,2.0,52.0,1.0,Sangolquí
EN RENTA OFICINA EN EL CENTRO DE SANGOLQUÍ OFICINA 2,120,Pichincha,"Pichincha, Sangolqui, Sangolquí, Ecuador",3.0,2.0,23.0,1.0,Sangolquí
EN RENTA OFICINA EN EL CENTRO DE SANGOLQUÍ OFICINA 1,140,Pichincha,"Pichincha, Sangolqui, Sangolquí, Ecuador",3.0,2.0,30.0,1.0,Sangolquí
EN RENTA OFICINA EN EL CENTRO DE SANGOLQUÍ,150,Pichincha,"Pichincha, Sangolqui, Sangolquí, Ecuador",3.0,2.0,38.0,1.0,Sangolquí
EN RENTA NAVE INDUSTRIAL – VÍA SANGOLQUÍ AMAGUAÑA,3000,Pichincha,"Pichincha, Amaguaña, Quito, Ecuador",3.0,2.0,600.0,1.0,Quito
Local de Arriendo ubicado en el Colibri,600,Pichincha,"Pichincha, El Colibrí, Avenida General Rumiñahui, Sangolquí, Ecuador",3.0,2.0,100.0,1.0,Sangolquí
SE RENTA DE SUITE EN LA PRIMAVERA,450,Pichincha,"Pichincha, La Primavera, Quito, Ecuador",1.0,1.0,45.0,1.0,Quito
LOCAL COMERCIAL DE RENTA GUAMANÍ SUR DE QUITO,3900,Pichincha,"Pichincha, Guamaní, Quito, Ecuador",3.0,2.0,286.0,12.0,Quito
ARRIENDO AMPLIA CASA EN EL SECTOR DE CONOCOTO,940,Pichincha,"Pichincha, Conocoto, Quito, Ecuador",3.0,4.0,840.0,1.0,Quito
RENTA AMPLIO DEPARTAMENTO SECTOR ELOY ALFARO,550,Pichincha,"Pichincha, Av. Eloy Alfaro, Quito, Ecuador",3.0,2.0,132.0,1.0,Quito
LOCAL DE ARRIENDO TORRES SANTA FE 6 DE DICIEMBRE,750,Pichincha,"Pichincha, Av. 6 de Diciembre, Quito, Ecuador",3.0,2.0,135.0,1.0,Quito
"RENTO 2DO PISO DE EDIF 3 AMBIENTES, SANGOLQUI",1200,Pichincha,"Pichincha, Sangolqui, Sangolquí, Ecuador",3.0,2.0,395.0,1.0,Sangolquí
Arriendo Departamento 3 dormitorios,350,Pichincha,"Pichincha, Asunción & Canada, Quito, Ecuador",3.0,2.0,120.0,1.0,Quito
CASA EN EL SECTOR DE LA ARMENIA LA RIBERA,1800,Pichincha,"Pichincha, La Armenia, Quito, Ecuador",3.0,3.0,485.0,5.0,Quito
DEPARTAMENTO EN RENTA SEMI AMOBLADO QUITO TENNIS,700,Pichincha,"Pichincha, Quito Tenis, Quito, Ecuador",2.0,1.0,85.0,1.0,Quito
EN RENTA DEPARTAMENTO DE 3 HAB. CENTRO HISTORICO,280,Pichincha,"Pichincha, Centro Histórico, Quito, Ecuador",3.0,1.0,95.0,1.0,Quito
"ARRIENDO OFICINA, BODEGA, DEPARTAMENTO",3000,Pichincha,"Pichincha, La Gasca, Quito, Ecuador",5.0,2.0,1500.0,1.0,Quito
"Quito Tenis, Exclusivo y bello depto de 90 M2",500,Pichincha,"Pichincha, Los Cabildos 112, Quito, Ecuador",2.0,2.0,90.0,2.0,Quito
Hermoso departamento de arriendo sector Ponceano alto 3 dormitorios $450 incluido Alicuota,450,Pichincha,"Pichincha, Ponceano Alto, Quito, Ecuador",3.0,2.0,120.0,1.0,Quito
Hermosa casa de arriendo de oportunidad sector La Pampa $600,600,Pichincha,"Pichincha, La Pampa, Quito, Ecuador",3.0,3.0,140.0,2.0,Quito
RENTO OFICINA CON O SIN MENAJE EL COLIBRI SANGOLQU,900,Pichincha,"Pichincha, Sangolqui, Sangolquí, Ecuador",3.0,2.0,98.0,1.0,Sangolquí
RENTO OFICINAS EN PLAZA COLIBRI SANGOLQUI 88M2,690,Pichincha,"Pichincha, Sangolqui, Sangolquí, Ecuador",3.0,2.0,88.0,1.0,Sangolquí
RENTO OFICINAS EN PLAZA COLIBRI SANGOLQUI 86M2,675,Pichincha,"Pichincha, Sangolqui, Sangolquí, Ecuador",3.0,2.0,86.0,1.0,Sangolquí
Alquila la oficina para tu negocio en Yaruquí,450,Pichincha,"Pichincha, Yaruquí, Quito, Ecuador",3.0,2.0,180.0,1.0,Quito
RENTO OFICINAS EN PLAZA COLIBRI SECTOR SANGOLQUI,705,Pichincha,"Pichincha, Sangolqui, Sangolquí, Ecuador",3.0,2.0,90.0,1.0,Sangolquí
Departamento en Renta en el Sector de La Kennedy,280,Pichincha,"Pichincha, La Kennedy, Quito, Ecuador",2.0,1.0,70.0,1.0,Quito
Departamento de Arriendo en Ponceano,250,Pichincha,"Pichincha, Calles Orianga N63-159 y de los Cedros.",2.0,1.0,65.0,1.0,Calles Orianga N63-159 y de los Cedros.
RENTA EXCLUSIVO DEPARTAMENTO EDF. BÔ QUITO TENNIS,900,Pichincha,"Pichincha, Quito Tenis, Quito, Ecuador",3.0,2.0,120.0,2.0,Quito
EN RENTA DEPARTAMENTO SECTOR 6 DE DICIEMBRE,550,Pichincha,"Pichincha, Av. 6 de Diciembre, Quito, Ecuador",3.0,2.0,90.0,1.0,Quito
RENTA CASA – 150m2 – EL CONDADO,450,Pichincha,"Pichincha, Rio Pucuno & Rio Bigal, Quito, Ecuador",3.0,2.0,150.0,2.0,Quito
RENTA SUITE – 55m2 – EL INCA,350,Pichincha,"Pichincha, Avenida de Las Palmeras & De los Madroños, Quito, Ecuador",1.0,1.0,55.0,1.0,Quito
RENTA DEPARTAMENTO – 120m2 -LA CAROLINA,690,Pichincha,"Pichincha, El Comercio & El Tiempo, Quito 170102, Ecuador",3.0,1.0,120.0,1.0,Quito
EN RENTA LOCAL DE 6M2 SECTOR COLIBRÍ LOCAL 5,190,Pichincha,"Pichincha, El Colibrí, Avenida General Rumiñahui, Sangolquí, Ecuador",3.0,2.0,6.0,1.0,Sangolquí
RENTO LOCALES COMERCIALES UBICADOS SECTOR COLIBRÍ LOCAL 4,420,Pichincha,"Pichincha, El Colibrí, Avenida General Rumiñahui, Sangolquí, Ecuador",3.0,2.0,12.0,1.0,Sangolquí
RENTO LOCAL COMERCIAL PLANTA BAJA SECTOR COLIBRÍ LOCAL 3,1090,Pichincha,"Pichincha, El Colibrí, Avenida General Rumiñahui, Sangolquí, Ecuador",3.0,2.0,162.0,1.0,Sangolquí
RENTO LOCALES COMERCIALES UBICADOS SECTOR COLIBRÍ LOCAL 2,665,Pichincha,"Pichincha, El Colibrí, Avenida General Rumiñahui, Sangolquí, Ecuador",3.0,2.0,108.0,1.0,Sangolquí
RENTO LOCALES COMERCIALES UBICADOS SECTOR COLIBRÍ LOCAL 1,655,Pichincha,"Pichincha, El Colibrí, Avenida General Rumiñahui, Sangolquí, Ecuador",3.0,2.0,106.0,1.0,Sangolquí
RENTO LOCALES COMERCIALES UBICADOS SECTOR COLIBRÍ,585,Pichincha,"Pichincha, El Colibrí, Avenida General Rumiñahui, Sangolquí, Ecuador",3.0,2.0,95.0,35.0,Sangolquí
"ARRIENDO DEPARTAMENTO CON EXCELENTE UBICACIÓN, 2 HABITACIONES, AMOBLADO O SIN AMOBLAR, $5OO",500,Pichincha,"Pichincha, Juan Montalvo N2-168 y, Quito 170157, Ecuador",2.0,1.0,70.0,1.0,Quito
ARRIENDO DEPARTAMENTO CON EXCELENTE UBICACIÓN.,650,Pichincha,"Pichincha, Cumbaya, Ecuador",3.0,2.0,180.0,2.0,Cumbaya
SE RENTA DEPARTAMENTO EN CONJUNTO EN CONOCOTO,370,Pichincha,"Pichincha, Conocoto, Quito, Ecuador",3.0,2.0,100.0,1.0,Quito
Departamento en Renta sector La Carolina,350,Pichincha,"Pichincha, La Carolina, Quito, Ecuador",3.0,1.0,100.0,1.0,Quito
DEPARTAMENTO EN RENTA SECTOR KENNEDY,415,Pichincha,"Pichincha, La Kennedy, Quito, Ecuador",3.0,2.0,103.0,2.0,Quito
En Arriendo bonita Oficina Sector La Pradera,700,Pichincha,"Pichincha, La Pradera, Quito, Ecuador",3.0,2.0,94.0,1.0,Quito
Habitación en Renta en el Sector la Carolina hab. 2,120,Pichincha,"Pichincha, La Carolina, Quito, Ecuador",1.0,1.0,15.0,1.0,Quito
RENTA OFICINA- 60m2 – CENTRO NORTE DE QUITO,470,Pichincha,"Pichincha, Batan Bajo, Quito, Ecuador",3.0,1.0,60.0,1.0,Quito
LOCAL DE ARRIENDO EN LAS CASAS QUITO,490,Pichincha,"Pichincha, Las Casas, Quito, Ecuador",3.0,2.0,70.0,1.0,Quito
DEPARTAMENTO EN ALQUILER SECTOR PINAR BAJO,550,Pichincha,"Pichincha, Teniente Homero Salas, Quito, Ecuador",3.0,3.0,150.0,1.0,Quito
Departamento en Renta sector La Carolina,350,Pichincha,"Pichincha, La Carolina, Quito, Ecuador",3.0,1.0,90.0,1.0,Quito
"SUITE AMOBLADA DE ARRIENDO , SECTOR LA CAROLINA",750,Pichincha,"Pichincha, Avenida de los Shyris & Avenida Naciones Unidas, Quito, Ecuador",1.0,2.0,72.0,1.0,Quito
EN RENTA-LOCAL COMERCIAL SECTOR VERSALLES,200,Pichincha,"Pichincha, Versalles, Quito, Ecuador",3.0,2.0,30.0,1.0,Quito
"Arriendo Departamento 3 Dormitorios + Estudio, Mañosca",450,Pichincha,"Pichincha, Mañosca & Avenida Occidental, Quito, Ecuador",3.0,3.0,130.0,1.0,Quito
"Arriendo Departamento 2 Dormitorios, Mañosca",350,Pichincha,"Pichincha, Mañosca & Avenida Occidental, Quito, Ecuador",2.0,2.0,105.0,1.0,Quito
ARRIENDO OFICINA-142m2-REPÚBLICA DEL SALVADOR,900,Pichincha,"Pichincha, Av. República de El Salvador, Quito 170102, Ecuador",3.0,2.0,142.0,2.0,Quito
Departamento sector República del Salvador,700,Pichincha,"Pichincha, Finlandia N36-83 y Suecia",3.0,3.0,178.0,2.0,Finlandia N36-83 y Suecia
ARRIENDO BODEGA Y OFICINAS. ESQUIENERO. (BELLAVISTA DE CALDERÓN),900,Pichincha,"Pichincha, Bellavista, Quito, Ecuador",4.0,3.0,646.0,1.0,Quito
ARRIENDO OFICINA-142m2-REPÚBLICA DEL SALVADOR,900,Pichincha,"Pichincha, Av. República de El Salvador, Quito, Ecuador",3.0,2.0,142.0,2.0,Quito
RENTA DEPARTAMENTO – 115m3 – SAN RAFAEL,383,Pichincha,"Pichincha, Av. Gral. Rumiñahui & Isla Floreana, Quito, Ecuador",2.0,3.0,115.0,1.0,Quito
RENTA MODERNA OFICINA – 96m2 – LA CORUÑA,480,Pichincha,"Pichincha, Av. La Coruña & San Ignacio, Quito, Ecuador",3.0,2.0,96.0,1.0,Quito
Hermoso departamento embajada Americana (colegio SEK) edificio inteligente $500,500,Pichincha,"Pichincha, Av. Avigiras, Av. Eloy Alfaro E12-170 y, Quito 170124, Ecuador",3.0,2.0,100.0,1.0,Quito
Hermoso departamento Edificio inteligente sector Ponceano Alto,400,Pichincha,"Pichincha, Ponceano Alto, Quito, Ecuador",2.0,2.0,100.0,1.0,Quito
Hermosa casa 3 platas sector embajada Américana,480,Pichincha,"Pichincha, Embajada americana, Quito, Ecuador",3.0,2.0,100.0,2.0,Quito
Alquiler de Departamento 2do Piso Alto en Garzota Norte de Guayaquil,400,Guayas,"Guayas, Garzota II, Guayaquil, Ecuador",2.0,1.0,68.0,1.0,Guayaquil
AMPLIA HERMOSA CASA ARRIENDO MITAD DEL MUNDO QUITO,350,Pichincha,"Pichincha, Padre Rumi E1-10, Quito, Ecuador",5.0,4.0,170.0,1.0,Quito
"ARIENDO DEPARTAMENTO DUPLEX CONJUNTO SOL DEL SUR, QUITUMBE",220,Pichincha,"Pichincha, Av. Cóndor Ñan, Quito, Ecuador",3.0,2.0,100.0,1.0,Quito
"Arriendo Consultorio Medico, La Mariscal",280,Pichincha,"Pichincha, La Mariscal, Quito, Ecuador",3.0,1.0,43.0,1.0,Quito
"Arriendo Departamento 2 Dormitorios, Casablanca",140,Esmeraldas,"Esmeraldas, Casablanca, same",2.0,2.0,80.0,1.0,same
Suite en renta sector Granda Centeno,450,Pichincha,"Pichincha, Granda Centeno, Quito, Ecuador",1.0,1.0,68.0,1.0,Quito
"Arriendo Departamento 4 Dormitorios + Estudio, Gonzalez Suarez",1000,Pichincha,"Pichincha, Gonzalez Suarez, Quito, Ecuador",4.0,6.0,285.0,2.0,Quito
Hermoso departamento con Terraza propia de arriendo sector Ponceano Alto,400,Pichincha,"Pichincha, Ponceano, Ecuador",3.0,2.0,140.0,1.0,Ponceano
Linda Casa de oportunidad $380 sector Ponceano alto,380,Pichincha,"Pichincha, Ponceano Alto, Quito, Ecuador",3.0,2.0,100.0,1.0,Quito
"Hermosa Casa de Arriendo en Mirasierra, Valle de Los Chillos",500,Pichincha,"Pichincha, Mirasierra, Quito, Ecuador",3.0,3.0,140.0,2.0,Quito
Hermoso departamento de arriendo sector Ponceano Alto  2 dormitorios,380,Pichincha,"Pichincha, Ponceano Alto, Quito, Ecuador",2.0,2.0,80.0,1.0,Quito
Hermoso departamento de arriendo el bosque 2 dormitorios,500,Pichincha,"Pichincha, El Bosque, Quito, Ecuador",2.0,2.0,100.0,1.0,Quito
"Se arrienda departamento en Cumbaya, sector la Primavera.",1200,Pichincha,"Pichincha, Cumbayá, Quito, Ecuador",2.0,3.0,130.0,2.0,Quito
AMPLIA Y HERMOSA CASA DE RENTA EN SAN RAFAEL,1400,Pichincha,"Pichincha, San Rafael, Ecuador",4.0,2.0,473.0,1.0,San Rafael
"Arriendo Bodega, sector Ana Maria Bajo, Occidental",590,Pichincha,"Pichincha, Ana Maria Bajo, Quito, Ecuador",3.0,1.0,175.0,1.0,Quito
Se Renta Amplio Departamento en el Sector de la Unión Nacional Cerca del Centro Comercial el Bosque,690,Pichincha,"Pichincha, Marcos Jofre, Quito, Ecuador",4.0,4.0,230.0,1.0,Quito
Arriendo departamento en San Carlos frente al parque ingles,250,Pichincha,"Pichincha, Av. Mariscal Sucre, Quito, Ecuador",3.0,2.0,80.0,1.0,Quito
Arriendo Departamento Amoblado 2 Dorm. Centro Histórico,650,Pichincha,"Pichincha, Centro Histórico, Quito, Ecuador",2.0,3.0,114.0,1.0,Quito
"Arriendo Departamento Amoblado 3 Dorm. + Servicio, El Batán Bajo",600,Pichincha,"Pichincha, El Batán, Quito, Ecuador",3.0,3.0,115.0,1.0,Quito
Alquiler dpto. totalmente amoblado,750,Guayas,"Guayas, Cdla. Cogra frente a Miraflores",2.0,1.0,120.0,1.0,Cdla. Cogra frente a Miraflores
"ARRIENDO DEPARTAMENTO, SECTOR QUICENTRO NORTE",610,Pichincha,"Pichincha, Quicentro Shopping, Avenida 6 de Diciembre, Quito, Ecuador",3.0,2.0,110.0,2.0,Quito
Se arrienda hermosa casa en la Viña,2500,Pichincha,"Pichincha, Cumbayá, Quito, Ecuador",4.0,5.0,400.0,4.0,Quito
"Arriendo Suite Amoblada, Granda Centeno",280,Pichincha,"Pichincha, Granda Centeno, Quito, Ecuador",1.0,1.0,50.0,1.0,Quito
"TU LOTE A 3 CUADRAS DE LA PLAYA DE PUERTO CAYO, JIPIJAPA, MANABI Y CONSTRUYA SU CASA PARA VACACIONAR, LOTIZACIÓN CAYO BEACH CERCA DE LOS FRAILES Y PUERTO LOPEZ; CONTACTANOS: 0987213710",6000,Manabí,"Manabí, Puerto Cayo Playa, Puerto Cayo, Ecuador",1.0,1.0,100.0,1.0,Puerto Cayo
VENTA DE SOLARES EN LOTIZACIÓN CAYO BEACH UBICADA EN PUERTO CAYO UNA DE LAS PLAYAS MAS HERMOSAS DE LA REGION COSTA DEL ECUADOR; WHATSAPP: 0987213710,6000,Manabí,"Manabí, Puerto Cayo Playa, Puerto Cayo, Ecuador",1.0,1.0,100.0,1.0,Puerto Cayo
"TERRENOS EN PUERTO CAYO LUGAR IDEAL PARA EL DESCANSO Y VACACIONAR, TERRENOS DE 180M2 A $5.400 CON SERVICIOS BASICOS Y AREAS RECREATIVAS; WHATSAPP: +593987213710",5400,Manabí,"Manabí, Puerto Cayo Playa, Puerto Cayo, Ecuador",1.0,1.0,100.0,1.0,Puerto Cayo
"INVIERTE EN LA PLAYA EN PUERTO CAYO, JIPIJAPA, MANABI, LOTES DE 180M2 A 5.400 USD EN LOTIZACIÓN PRIVADA CAYO BEACH, ESCRITURAS INMEDIATAS; VENTAS: 0987213710",5400,Manabí,"Manabí, Puerto Cayo Playa, Puerto Cayo, Ecuador",1.0,1.0,100.0,1.0,Puerto Cayo
Bodega de Arriendo Centro Norte de Quito Sector Hospital Metropolitano,650,Pichincha,"Pichincha, Cuero y Caicedo, Quito, Ecuador",1.0,1.0,300.0,1.0,Quito
RENTO LOCAL COMERCIAL EN VERSALLES Y PORTOVIEJO,390,Pichincha,"Pichincha, Versalles, Quito, Ecuador",3.0,1.0,30.0,1.0,Quito
"EN RENTA, LOCAL COMERCIAL EN EL SEC. LOS TULIPANES",170,Pichincha,"Pichincha, Cotocollao, Quito, Ecuador",3.0,1.0,20.0,1.0,Quito
SE ARRIENDA LOCAL COMERCIAL EN LA PRIMAVERA,800,Pichincha,"Pichincha, La Primavera, Quito, Ecuador",3.0,2.0,80.0,3.0,Quito
DEPARTAMENTO EN ARRIENDO 230 $ QUITO – NORTE DE QUITO – EL CONDADO – PRADOS DEL CONDADO,230,Pichincha,"Pichincha, El Condado, Quito, Ecuador",3.0,2.0,100.0,1.0,Quito
Departamento en Renta sector La Kennnedy,300,Pichincha,"Pichincha, La Kennedy, Quito, Ecuador",3.0,2.0,386.0,1.0,Quito
HERMOSOS DEPARTAMENTO EN RENTA SECTOR QUITO NORTE,350,Pichincha,"Pichincha, Cotocollao, Quito, Ecuador",3.0,1.0,80.0,1.0,Quito
EN RENTA OFICINA EJECUTIVA ESTADIO OLIMPICO,452,Pichincha,"Pichincha, Iñaquito, Quito, Ecuador",3.0,2.0,100.0,1.0,Quito
OFICINA EJECUTIVA EN RENTA ESTADIO OLIMPICO ATAHUA,218,Pichincha,"Pichincha, Iñaquito, Quito, Ecuador",3.0,2.0,40.0,1.0,Quito
OFICINA EJECUTIVA EN RENTA EN IÑAQUITO,260,Pichincha,"Pichincha, Iñaquito, Quito, Ecuador",3.0,2.0,21.0,1.0,Quito
SUITE CON PATIO PONCEANO ALTO / SUPERMAXI,350,Pichincha,"Pichincha, Calle 3 & Francisco Dalmau, Quito, Ecuador",1.0,2.0,67.0,1.0,Quito
SE RENTA LOCAL COMERCIAL -SECTOR CONOCOTO,1000,Pichincha,"Pichincha, Conocoto, Quito, Ecuador",3.0,1.0,90.0,1.0,Quito
DEPARTAMENTO EN ARRIENDO 210 $ – NORTE DE QUITO – EL CONDADO – URBANIZACIÓN PRADOS DEL CONDADO,210,Pichincha,"Pichincha, El Condado, Quito, Ecuador",3.0,2.0,90.0,1.0,Quito
DEPARTAMENTO EN GUAYAQUIL EN CIUDADEL ALBORADA 3ERA ETAPA DETRAZ DE PLAZA MAYOR PARA PERSONA SOLA O PAREJA SIN MASCOTAS,250,Guayas,"Guayas, Alborada III Etapa, Guayaquil, Ecuador",1.0,1.0,100.0,1.0,Guayaquil
HERMOSO DEPARTAMENTO AMOBLADO EN RENTA / NORUEGA,900,Pichincha,"Pichincha, Noruega, Quito, Ecuador",3.0,2.0,106.0,1.0,Quito
Arriendo Local Comercial sector Andalucía,1800,Pichincha,"Pichincha, Andalucia, Quito, Ecuador",3.0,2.0,290.0,3.0,Quito
Departamento de Arriendo sector Andalucía,390,Pichincha,"Pichincha, Andalucia, Quito, Ecuador",2.0,1.0,100.0,1.0,Quito
Alquilo amplio consultorio en sector de la antigua Maternidad Enrique Sotomayor,900,Guayas,"Guayas, Pedro Pablo Gómez",6.0,4.0,190.0,1.0,Pedro Pablo Gómez
Hermoso departamento duplex de arriendo sector Ponceano alto de oportunidad,500,Pichincha,"Pichincha, Ponceano Alto, Quito, Ecuador",3.0,3.0,120.0,2.0,Quito
Hermoso departamento de arriendo de oportunidad sector el bosque 3 dormitorios,550,Pichincha,"Pichincha, El Bosque, Quito, Ecuador",3.0,2.0,100.0,2.0,Quito
Hermoso departamento de arriendo de oportunidad 3 dormitorios Ponceano alto $400,400,Pichincha,"Pichincha, Ponceano Alto, Quito, Ecuador",3.0,3.0,100.0,1.0,Quito
Hermoso departamento de arriendo de oportunidad sector Shyris Carolina,500,Pichincha,"Pichincha, Avenida de los Shyris, Quito, Ecuador",2.0,2.0,85.0,1.0,Quito
Hermosa suite amoblada de arriendo de oportunidad sector Portugal,500,Pichincha,"Pichincha, Portugal, Quito, Ecuador",1.0,2.0,75.0,1.0,Quito
Bello departamento de alquiler en Mocoli,2300,Guayas,"Guayas, Isla Mocoli, Samborondón, Ecuador",3.0,1.0,220.0,2.0,Samborondón
Hermosa casa de arriendo de oportunidad sector Pomasqui,380,Pichincha,"Pichincha, Pomasqui, Quito, Ecuador",3.0,3.0,130.0,2.0,Quito
DEPARTAMENTO EN ARRIENDO $215 NORTE DE QUITO – EL CONDADO – PRADOS DEL CONDADO,215,Pichincha,"Pichincha, El Condado, Quito, Ecuador",3.0,1.0,90.0,1.0,Quito
Suite amoblada sector La Carolina Av Shyris,450,Pichincha,"Pichincha, Luxemburgo & Holanda, Quito, Ecuador",1.0,1.0,40.0,1.0,Quito
SE RENTA PROPIEDAD COMERCIAL SECTOR LA DELICIA,5000,Pichincha,"Pichincha, La Delicia, Quito, Ecuador",3.0,6.0,1850.0,1.0,Quito
LOCAL COMERCIAL VENTA/RENTA,900,Pichincha,"Pichincha, Av. Mariana de Jesús, La Pradera, Quito, Ecuador",3.0,2.0,120.0,1.0,Quito
ARRIENDO OFICINA SECTOR LA SHYRIS,390,Pichincha,"Pichincha, Av. de los Shyris, Quito, Ecuador",3.0,2.0,50.0,1.0,Quito
"ARRIENDO LOCAL PUEMBO, SERVICIOS MÉDICOS,DENTALES",350,Pichincha,"Pichincha, Puembo, Ecuador",3.0,2.0,100.0,1.0,Puembo
RENTO DEPARTAMENTO 2 DORM.SECTOR REP. DEL SALVADOR,550,Pichincha,"Pichincha, Av República de El Salvador, Quito, Ecuador",2.0,1.0,95.0,1.0,Quito
Hermoso departamento de arriendo amoblado sector el bosque,500,Pichincha,"Pichincha, El Bosque, Quito, Ecuador",3.0,2.0,115.0,1.0,Quito
Tv: Se Renta suite vacia Sector El Inca,300,Pichincha,"Pichincha, De los Madroños, Quito, Ecuador",1.0,2.0,74.0,1.0,Quito
Tv: ARRIENDO DEPARTAMENTO SECTOR NORTE ELOY ALFARO – QUITO,350,Pichincha,"Pichincha, Monteserrin, Quito, Ecuador",2.0,2.0,90.0,1.0,Quito
Tvc: Arriendo departamento 2 dormitorios sector Tumbaco,230,Pichincha,"Pichincha, Av. Intervalles, Quito, Ecuador",2.0,1.0,67.0,1.0,Quito
Tv: Arriendo departamento 3 dormitorios sector Caminos del Sur,290,Pichincha,"Pichincha, Santa Rita, Quito 170131, Ecuador",3.0,3.0,145.0,1.0,Quito
Tv: Rento departamento 2 dormitorios sector Andalucia,210,Pichincha,"Pichincha, Andalucia, Quito 170104, Ecuador",2.0,1.0,65.0,1.0,Quito
Tv: Arriendo departamento 3 dormitorios sector Iñaquito,550,Pichincha,"Pichincha, iñaquito",3.0,3.0,110.0,1.0,iñaquito
ALQUILO OFICINA EN EDIFICIO TRADE BUILDING,600,Guayas,"Guayas, Avenida Jose Joaquin de Olmedo, Guayaquil, Ecuador",2.0,1.0,50.0,1.0,Guayaquil
ALQUILO OFICINA CON AIRE ACONDICIONADO EN KENNEDY NORTE,720,Guayas,"Guayas, Kennedy Norte, Guayaquil, Ecuador",2.0,1.0,72.0,1.0,Guayaquil
"Arriendo Departamento, 3 dormitorios amplios, Sector Eloy Alfaro entre los Guayacanes y Fresnos",420,Pichincha,"Pichincha, De los Guayacanes & De los Fresnos, Quito, Ecuador",3.0,2.0,110.0,1.0,Quito
ARRIENDO DEPARTAMENTO OCCIDENTAL SECTOR ANT,250,Pichincha,"Pichincha, Torres Constelacion, Quito, Ecuador",2.0,1.0,62.0,1.0,Quito
Renta 2 dormitorios amoblado de lujo Republica del Salvador centro norte,900,Pichincha,"Pichincha, Avenida República de El Salvador, Quito, Ecuador",2.0,2.0,120.0,1.0,Quito
OFICINA RENTA -SECT. IÑAQUITO ED.AMAZONAS,500,Pichincha,"Pichincha, Iñaquito, Quito, Ecuador",3.0,2.0,54.0,1.0,Quito
ARRIENDO OFICINA – SEC. IÑAQUITO BCO. AMAZONAS,500,Pichincha,"Pichincha, Iñaquito, Quito, Ecuador",3.0,2.0,30.0,1.0,Quito
ARRIENDO CASA AMOBLADA OFICINAS-SECTOR RUMIÑAHUI,1000,Pichincha,"Pichincha, De Los Cedros, Quito, Ecuador",3.0,2.0,224.0,1.0,Quito
SE ARRIENDA BONITO LOCAL COMERCIAL (AV. ILALO),325,Pichincha,"Pichincha, Av Ilaló, Quito, Ecuador",3.0,2.0,70.0,1.0,Quito
SE ARRIENDA BONITO LOCAL COMERCIAL LA MAGDALENA,550,Pichincha,"Pichincha, La Magdalena, Quito, Ecuador",3.0,2.0,120.0,1.0,Quito
Rento departamento dúplex González Suárez,1000,Pichincha,"Pichincha, González Suárez",2.0,3.0,190.0,2.0,González Suárez
SE ARRIENDA LOCAL EN IÑAQUITO,450,Pichincha,"Pichincha, Iñaquito, Quito, Ecuador",3.0,2.0,45.0,1.0,Quito
SE ALQUILA OFICINA DE IÑAQUITO,400,Pichincha,"Pichincha, Iñaquito, Quito, Ecuador",3.0,1.0,25.0,1.0,Quito
"Rento Casa Hermosa, Cumbaya, Seguridad, Conjunto, Amplios Jardines Comunales",880,Pichincha,"Pichincha, El Chaquiñán, Cumbayá, Quito, Ecuador",3.0,4.0,153.0,2.0,Quito
Renta o venta hermoso y elegante departamento Miravalle Urbanización,1200,Pichincha,"Pichincha, Miravalle, Quito, Ecuador",3.0,3.0,145.0,2.0,Quito
RENTO CASA MUY MODERNA Y ELEGANTE TANDA,3500,Pichincha,"Pichincha, Plaza del Rancho, Eugenio Espejo, Quito 170157, Ecuador",4.0,4.0,450.0,4.0,Quito
Rento hermoso departamento rústico URBANIZACIÓN TANDA,1200,Pichincha,"Pichincha, Nayón Tanda Eugenio Espejo",2.0,3.0,225.0,2.0,Nayón Tanda Eugenio Espejo
RENTO HERMOSA SUITE A ESTRENAR CUMBAYÁ LA PRIMAVERA,600,Pichincha,"Pichincha, Leonardo DaVinci, Cumbayá, Quito, Ecuador",1.0,2.0,60.0,1.0,Quito
ARRIENDO OFICINA SECTOR LA CAROLINA,650,Pichincha,"Pichincha, Iñaquito, Quito, Ecuador",3.0,2.0,64.0,1.0,Quito
OFICINA EJECUTIVA EN RENTA REPUBLICA DEL SALVADOR,1300,Pichincha,"Pichincha, Avenida República de El Salvador, Quito, Ecuador",3.0,2.0,164.0,2.0,Quito
EN RENTA DEPARTAMENTO LA FLORIDA,280,Pichincha,"Pichincha, La Concepción, Quito, Ecuador",3.0,2.0,70.0,1.0,Quito
OFICINAS DE ARRIENDO SECTOR LA CONCEPCIÓN,350,Pichincha,"Pichincha, La Concepción, Quito, Ecuador",3.0,2.0,66.0,1.0,Quito
Hermoso departamento de arriendo de oportunidad sector Granados UDLA,500,Pichincha,"Pichincha, De los Granados, Quito, Ecuador",3.0,3.0,110.0,1.0,Quito
"Arriendo casa en Juan Procel, Norte de Quito, sector El Condado",350,Pichincha,"Pichincha, Juan Procel, Quito, Ecuador",3.0,3.0,130.0,1.0,Quito
LOCAL EN RENTA VIA PRINCIPAL AL AEROPUERTO,500,Pichincha,"Pichincha, Pifo, Ecuador",3.0,2.0,70.0,1.0,Pifo
LOCAL EN RENTA VIA PRINCIPAL PIFO,1200,Pichincha,"Pichincha, Pifo, Ecuador",3.0,2.0,300.0,1.0,Pifo
Hermoso departamento de arriendo sector La Catolica,470,Pichincha,"Pichincha, Avenida Isabel la Católica, Quito, Ecuador",2.0,2.0,80.0,1.0,Quito
Rento cómodo departamento sector Los Laureles,400,Pichincha,"Pichincha, Los Laureles, Quito, Ecuador",3.0,3.0,100.0,1.0,Quito
OFICINA EN RENTA – AMOBLADA,380,Pichincha,"Pichincha, Mariana de Jesus & La Pradera, Quito, Ecuador",3.0,1.0,48.0,2.0,Quito
Arriendo casa Condado Juan Procel Norte de Quito,550,Pichincha,"Pichincha, Juan Procel, Quito 170134, Ecuador",4.0,4.0,175.0,2.0,Quito
Hermoso departamento de oportunidad sector Granados (UDLA),380,Pichincha,"Pichincha, Av. Eloy Alfaro & De los Granados, Quito 170513, Ecuador",3.0,2.0,100.0,1.0,Quito
Bodega en Arriendo sector Sangolquí,270,Pichincha,"Pichincha, Sangolquí, Ecuador",3.0,2.0,22.0,1.0,Sangolquí
Arriendo departamento sur de Quito,100,Pichincha,"Pichincha, Nueva Aurora, Quito, Ecuador",2.0,1.0,60.0,1.0,Quito
Departamento Dúplex en renta sector la América,650,Pichincha,"Pichincha, Av. América & San Gabriel, Quito, Ecuador",4.0,2.0,177.0,1.0,Quito
Local Comercial en renta sector Capelo local 1,230,Pichincha,"Pichincha, Capelo, Quito, Ecuador",3.0,2.0,45.0,1.0,Quito
120 M2 CASA AMOBLADA RENTA SALGOLQUI JUNTO AL IESS,500,Pichincha,"Pichincha, Sangolquí, Ecuador",3.0,2.0,120.0,1.0,Sangolquí
Hermoso departamento de arriendo de oportunidad Ponceano Alto $370,370,Pichincha,"Pichincha, Ponceano Alto, Quito, Ecuador",3.0,2.0,110.0,1.0,Quito
Hermosa suite departamento en arriendo Pinar Alto,430,Pichincha,"Pichincha, El Pinar Alto, Quito, Ecuador",1.0,2.0,70.0,1.0,Quito
Hermoso departamento de arriendo sector 6 de Diciembre y Gonzáles Suarez,500,Pichincha,"Pichincha, Gonzalez Suarez, Quito, Ecuador",3.0,3.0,120.0,2.0,Quito
Se arrienda hermosa suite amoblada Ponceano alto,350,Pichincha,"Pichincha, Ponceano Alto, Quito, Ecuador",1.0,1.0,70.0,1.0,Quito
Hermosa casa de arriendo de oportunidad $450 Ponceano alto,450,Pichincha,"Pichincha, Ponceano Alto, Quito, Ecuador",3.0,3.0,140.0,2.0,Quito
Hermoso departamento de arriendo de oportunidad $380 sector Ponceano alto tres dormitorios,380,Pichincha,"Pichincha, Ponceano Alto, Quito, Ecuador",3.0,2.0,135.0,2.0,Quito
Rento cómodo y seguro departamento en San Carlos,240,Pichincha,"Pichincha, Machala Y Vaca de Castro, Quito, Ecuador",2.0,1.0,100.0,1.0,Quito
"Rento casa, sector Ponceano",450,Pichincha,"Pichincha, Ponciano Alto, Quito, Ecuador",3.0,3.0,127.0,1.0,Quito
"ALQUILO CASA DE 2 PLANTAS MALAGA 2, VIA SALITRE",400,Guayas,"Guayas, Salitre 5, Guayaquil, Ecuador",3.0,3.0,105.0,2.0,Guayaquil
RENTO DPTO. 3 DORMITORIOS EN LA JIPIJAPA,450,Pichincha,"Pichincha, Isla Isabela, Quito, Ecuador",3.0,3.0,136.0,1.0,Quito
AMPLIO PATIO ESQUINERO EN ZONA COMERCIAL,700,Pichincha,"Pichincha, Avenida Alonso De Angulo, Quito, Ecuador",3.0,2.0,80.0,1.0,Quito
ARRIENDO LOCAL AMPLIO EN LA VILLAFLORA,700,Pichincha,"Pichincha, Av Alonso De Angulo, Quito, Ecuador",3.0,1.0,100.0,1.0,Quito
Alquiler de Departamento 3 dormitorios Urb. Parque Magno,1200,Guayas,"Guayas, Parque Magno, Avenida Los Arrozales, Samborondón, Ecuador",3.0,3.0,139.0,2.0,Samborondón
Alquilo Bodega 212 mts via a Daule,954,Guayas,"Guayas, Vía a Daule, Guayaquil, Ecuador",2.0,2.0,212.0,1.0,Guayaquil
SUITE BOSMEDIANO RENTA,520,Pichincha,"Pichincha, Jose Bosmediano, Quito, Ecuador",1.0,2.0,70.0,1.0,Quito
"Arriendo Quinta a 10 minutos del Aeropuerto Internacional Sucre, Sector Tumbaco Arenal Hilacryl",1000,Pichincha,"Pichincha, Rio San Pedro E4-325 y Rio Chiche",4.0,3.0,500.0,10.0,Rio San Pedro E4-325 y Rio Chiche
Moderno Departamento/Suite Amoblado Sector La Carolina,540,Pichincha,"Pichincha, Edificio Atelier, Avenida 6 de Diciembre, Quito, Ecuador",1.0,2.0,80.0,1.0,Quito
Suite Amoblada de Lujo en la Shyris,450,Pichincha,"Pichincha, De Los Shyris Y Portugal, Quito, Ecuador",1.0,1.0,50.0,1.0,Quito
"Alquiler hermoso departamento 2 dormitorios. Sector embajada americana, solca, norte de Quito.",340,Pichincha,"Pichincha, Avigiras & De los Cholanes, Quito, Ecuador",2.0,2.0,85.0,1.0,Quito
"Alquiler hermosa suite amoblada Av. República de El Salvador, norte de Quito",430,Pichincha,"Pichincha, Av República de El Salvador, Quito, Ecuador",1.0,1.0,65.0,1.0,Quito
"Alquiler departamento 3 dormitorios en San Pedro Claver, Av. La Prensa y Fernandez Salvador, norte de Quito",310,Pichincha,"Pichincha, Av. Dr. José Fernández Salvador, Quito, Ecuador",3.0,1.0,90.0,1.0,Quito
Rento Suite 75 metros sector Republica del Salvador,450,Pichincha,"Pichincha, Av. Portugal & Av República de El Salvador, Quito 170102, Ecuador",1.0,2.0,75.0,1.0,Quito
"ARRIENDO DEPARTAMENTO 3 DORMITORIOS, SECTOR UNIVERSIDAD CATÓLICA,",420,Pichincha,"Pichincha, Avenue 12 De Octubre 1076, Quito 170143, Ecuador",3.0,2.0,110.0,1.0,Quito
Alquilo 2 Departamentos grandes de 4 dormitorios Sector El Bosque,720,Pichincha,"Pichincha, El Bosque, Quito, Ecuador",4.0,3.0,230.0,2.0,Quito
Vendo o arriendo Departamento en El Condado Vicolinci,600,Guayas,"Guayas, El Condado Vicolinci, Avenida León Febres Cordero Ribadeneyra, Ecuador",2.0,3.0,121.0,2.0,Avenida León Febres Cordero Ribadeneyra
"APARTAMENTOS, SUITES Y HABITACIONES AMOBLADAS Y EQUIPADAS DE ARRIENDO",400,Pichincha,"Pichincha, Francisco Robles E2-07 Y PAEZ , Quito, Ecuador",3.0,2.0,100.0,1.0,Quito
Hermoso departamento de arriendo Ponceano alto de oportunidad,450,Pichincha,"Pichincha, Ponceano Alto, Quito, Ecuador",3.0,3.0,125.0,1.0,Quito
Hermosa suite de lujo de arriendo por estrenar 6 de Diciembre,570,Pichincha,"Pichincha, 6 De Diciembre, Quito, Ecuador",1.0,2.0,75.0,1.0,Quito
Hermosa casa de arriendo por estrenar Pomasqui,400,Pichincha,"Pichincha, Pomasqui, Quito, Ecuador",3.0,3.0,95.0,1.0,Quito
Hermosa suite por estrenar Monteserrin ecopark de oportunidad,500,Pichincha,"Pichincha, Monteserrin, Quito, Ecuador",1.0,2.0,75.0,1.0,Quito
Arriendo departamento en Tonsupa Esmeraldas,508,Esmeraldas,"Esmeraldas, Av. Club del Pacífico, Tonsupa, Ecuador",3.0,3.0,140.0,1.0,Tonsupa
Departamento de arriendo al Norte de Quito,350,Pichincha,"Pichincha, Pedro Garcia Moreno, Quito, Ecuador",3.0,3.0,110.0,1.0,Quito
SE ARRIENDA LOCAL COMERCIAL/ OFICINA / CONSULTORIO – SECTOR 9 DE OCTUBRE,245,Pichincha,"Pichincha, 9 de Octubre & Avenida Eloy Alfaro, Quito, Ecuador",2.0,1.0,49.0,1.0,Quito
Hermoso departamento de arriendo en Quito tenis,1100,Pichincha,"Pichincha, Quito Tenis, Quito, Ecuador",4.0,4.0,300.0,2.0,Quito
Hermoso departamento de arriendo sector Quito Tennis de oportunidad,450,Pichincha,"Pichincha, Quito Tenis, Quito, Ecuador",2.0,2.0,90.0,1.0,Quito
Hermoso departamento de arriendo de oportunidad $420 sector Brasil,420,Pichincha,"Pichincha, Avenida Brasil, Quito, Ecuador",2.0,1.0,90.0,1.0,Quito
Hermosa casa de arriendo sector colegio sek,600,Pichincha,"Pichincha, Colegio Internacional SEK - Ecuador, De los Guayacanes, Quito, Ecuador",3.0,3.0,160.0,2.0,Quito
Hermoso departamento duplex de arriendo de oportunidad Ponceano Alto,500,Pichincha,"Pichincha, Ponceano Alto, Quito, Ecuador",3.0,3.0,196.0,3.0,Quito
Hermoso departamento de arriendo sector Ponceano alto,280,Pichincha,"Pichincha, Ponceano Alto, Quito, Ecuador",2.0,2.0,85.0,1.0,Quito
Hermoso departamento de arriendo de oportunidad González Suárez,550,Pichincha,"Pichincha, Gonzalez Suarez, Quito, Ecuador",2.0,2.0,100.0,2.0,Quito
Hermoso departamento de arriendo de oportunidad sector El Pinar,350,Pichincha,"Pichincha, El Pinar, Quito, Ecuador",3.0,2.0,90.0,1.0,Quito
Casa con LOCAL COMERCIAL en arriendo – Mitad del Mundo,690,Pichincha,"Pichincha, Mitad del Mundo, 5, Quito, Ecuador",3.0,2.0,311.0,1.0,Quito
Hermoso departamento de arriendo sector Granda Centeno de oportunidad,530,Pichincha,"Pichincha, Granda Centeno, Quito, Ecuador",2.0,2.0,90.0,1.0,Quito
Hermoso departamento de arriendo sector Quicentro norte,600,Pichincha,"Pichincha, Quicentro Shopping, Avenida de los Shyris, Quito, Ecuador",2.0,3.0,110.0,2.0,Quito
Hermosa suite amoblada sector Bosque de oportunidad,500,Pichincha,"Pichincha, El Bosque, Quito, Ecuador",1.0,2.0,75.0,1.0,Quito
Alquilo Departamento de 2 Dormitorios en Nva. Kennedy,300,Guayas,"Guayas, Pichincha, 6º Pasaje 9 NO Kennedy Guayaquil Guayaquil",2.0,2.0,64.0,0.0,6º Pasaje 9 NO Kennedy Guayaquil Guayaquil
Alquilo Suite de 2 Ambientes en Nva. Kennedy,200,Guayas,"Guayas, 6º Pasaje 9 NO, Guayaquil 090512, Ecuador",1.0,1.0,24.0,0.0,Guayaquil
Alquilo Dpto de 3 Dormitorios en Nva. Kennedy,400,Guayas,"Guayas, 6º Pasaje 9 NO Kennedy Guayaquil Guayaquil",3.0,2.0,96.0,0.0,6º Pasaje 9 NO Kennedy Guayaquil Guayaquil
"Alquilo City Suites Departamento Amoblado, Guayaquil",600,Guayas,"Guayas, City Suites - Luxury, Avenida Benjamín Carrión Mora, Guayaquil, Ecuador",1.0,1.0,38.0,1.0,Guayaquil
"Alquiler Departamento Samanes, Norte de Guayaquil",350,Guayas,"Guayas, Avenida 1C NE Samanes Guayaquil Guayaquil",2.0,2.0,100.0,0.0,Avenida 1C NE Samanes Guayaquil Guayaquil
"Alquilo Las Cumbres, Ceibos, Guayaquil",850,Guayas,"Guayas, Urbanización Las Cumbres, Guayaquil, Ecuador",3.0,4.0,200.0,2.0,Guayaquil
Hermoso departamento de arriendo amoblado República del Salvador Amoblado,750,Pichincha,"Pichincha, Naciones Unidas Y Republica del Salvador, Quito, Ecuador",2.0,3.0,100.0,1.0,Quito
Hermoso departamento de arriendo amoblado sector Brasil,500,Pichincha,"Pichincha, Avenida Brasil, Quito, Ecuador",2.0,3.0,100.0,1.0,Quito
Hermoso departamento de arriendo Ponceano alto de oportunidad,450,Pichincha,"Pichincha, poceano quito",3.0,3.0,100.0,2.0,poceano quito
Hermoso departamento de arriendo sector Quicentro norte,620,Pichincha,"Pichincha, Quicentro Shopping, Avenida de los Shyris, Quito, Ecuador",2.0,3.0,120.0,2.0,Quito
Arriendo departamento en Condominios el Inca,280,Pichincha,"Pichincha, De Los Colimes esq, Quito 170125, Ecuador",3.0,1.0,64.0,1.0,Quito
"Suite en alquiler, sector Plaza Artigas",400,Pichincha,"Pichincha, Destruge, Quito 170109, Ecuador",1.0,1.5,56.84,1.0,Quito
"Oficina en renta, sector Hotel Quito-Av. 12 de Octubre",2000,Pichincha,"Pichincha, La Paz, Quito, Ecuador",3.0,3.0,208.95,4.0,Quito
"Local comercial en alquiler, sector Iñaquito",800,Pichincha,"Pichincha, Juan González, Quito, Ecuador",3.0,1.0,60.0,0.0,Quito
"Depto de lujo, excelente vista y ubicacion.",400,Pichincha,"Pichincha, Calle B, Quito 170132, Ecuador",1.0,2.0,97.0,1.0,Quito
Hermosa casa de arriendo de oportunidad sector Pomasqui $350,350,Pichincha,"Pichincha, Pomasqui, Quito, Ecuador",3.0,3.0,103.0,2.0,Quito
Hermoso departamento de arriendo de oportunidad sector Union nacional bosque,450,Pichincha,"Pichincha, Unión Nacional de Periodistas, Quito, Ecuador",3.0,3.0,130.0,1.0,Quito
Hermoso departamento de lujo en. Arriendo sector el bosque,500,Pichincha,"Pichincha, El Bosque, Quito, Ecuador",2.0,2.0,103.0,1.0,Quito
Rento Casa Av Intervalles,1400,Pichincha,"Pichincha, Av. Intervalles, Ecuador",3.0,2.0,100.0,1.0,Av. Intervalles
"LAVISTA TOWERS, 50XDIA, 300XSEMANA, 550XQUINCENA, 1000XMES, SEGURIDAD Y PRIVACIDAD.",1000,Guayas,"Guayas, Los Álamos Alamos Guayaquil Guayas",2.0,2.0,70.0,1.0,Los Álamos Alamos Guayaquil Guayas
Hermoso departamento de arriendo duplex sector Ponceano alto,400,Pichincha,"Pichincha, Ponceano Alto, Quito, Ecuador",2.0,2.0,85.0,1.0,Quito
Hermoso departamento de arriendo sector Gonzales Suárez,750,Pichincha,"Pichincha, Gonzalez Suarez, Quito 170517, Ecuador",2.0,2.0,130.0,1.0,Quito
Rento casa comercial sector 12 de octubre ideal para restaurantes,2500,Pichincha,"Pichincha, Avenue 12 de Octubre, Quito, Ecuador",4.0,4.0,500.0,8.0,Quito
Arriendo dos locales de oportunidad sector plaza de toros isla floreana,1100,Pichincha,"Pichincha, Avenida Isla Floreana, Quito, Ecuador",3.0,2.0,170.0,3.0,Quito
Hermoso departamento por estrenar sector Portugal,550,Pichincha,"Pichincha, Avenida Portugal, Quito, Ecuador",2.0,2.0,95.0,1.0,Quito
Renta Departamento 2 Habitaciones Republica del Salvador SECTOR QUICENTRO,650,Pichincha,"Pichincha, Av República de El Salvador, Quito 170102, Ecuador",2.0,2.0,109.0,1.0,Quito
"Departamento de arriendo, Rep. del Salvador, 120 mts, $ 600 JD",600,Pichincha,"Pichincha, Av República de El Salvador La Carolina Quito Distrito Metropolitano de Quito",2.0,3.0,120.0,1.0,Av República de El Salvador La Carolina Quito Distrito Metropolitano de Quito
DEPARTAMENTO DE DOS HABITACIONES SECTOR CAROLINA,650,Pichincha,"Pichincha, La Carolina, Quito, Ecuador",2.0,2.0,85.0,2.0,Quito
DEPARTAMENTO EN RENTA 160M2 GASPAR DE VILLAROEL $600,600,Pichincha,"Pichincha, Av. 6 de Diciembre, Quito, Ecuador",3.0,2.0,100.0,1.0,Quito
DEPARTAMENTO FRENTE AL C.C.EL BOSQUE 242M2,1200,Pichincha,"Pichincha, El Bosque, Quito, Ecuador",3.0,3.0,242.0,3.0,Quito
OFICINA SECTOR GRANDA CENTENO $550,550,Pichincha,"Pichincha, Granda Centeno, Quito 170521, Ecuador",5.0,3.0,200.0,1.0,Quito
SUITE AMOBLADO 60M2 SECTOR 12 DE OCTUBRE EN RENTA.,530,Pichincha,"Pichincha, Ave 12 de Octubre, Quito, Ecuador",1.0,1.0,60.0,1.0,Quito
"Puerto Azul, Departamento en Alquiler",600,Guayas,"Guayas, Vía a la Costa, Ecuador",2.0,2.0,77.0,1.0,Vía a la Costa
"Urdesa Central, Suite Amoblada",400,Guayas,"Guayas, Urdesa Central, Guayaquil 090511, Ecuador",1.0,1.0,45.0,1.0,Guayaquil
"RENTA MODERNO DEPARTAMENTO, SECTOR CENTRO NORTE, CATALINA ALDAZ",650,Pichincha,"Pichincha, CATALINA ALDAZ",2.0,2.0,100.0,1.0,CATALINA ALDAZ
"Hm/ San Carlos, 300 Usd! Departamento 2 Habitaciones de 60 m² en Arriendo.",300,Pichincha,"Pichincha, La Concepción Quito Distrito Metropolitano de Quito Pichincha",2.0,1.0,60.0,1.0,La Concepción Quito Distrito Metropolitano de Quito Pichincha
"Renta Suite Amoblada, Carolina, Sector Centro Norte",470,Pichincha,"Pichincha, Corea, Quito 170102, Ecuador",1.0,1.0,62.0,1.0,Quito
"Rento Departamento, Cerca Plataforma Gubernamental, Sector Centro Norte",475,Pichincha,"Pichincha, Japón, Quito 170102, Ecuador",2.0,1.0,90.0,1.0,Quito
"Rento Departamento Amoblado, Sector Republica del Salvador",850,Pichincha,"Pichincha, Av República de El Salvador, Quito 170102, Ecuador",3.0,3.0,110.0,1.0,Quito
"Arriendo Oficina Amoblada, Sector Mall El Jardin, Av Amazonas",400,Pichincha,"Pichincha, Av. Amazonas, Quito, Ecuador",3.0,1.0,50.0,1.0,Quito
"Rento Oficina Moderna Amoblada, Sector Pradera",850,Pichincha,"Pichincha, Mariana de Jesus, Quito, Ecuador",3.0,1.0,75.0,2.0,Quito
"Rento Bonita Suite Amoblada, Republica del Salvador",480,Pichincha,"Pichincha, Av República de El Salvador, Quito 170102, Ecuador",1.0,2.0,61.0,1.0,Quito
"Rento Local Comercial Sector Centro Norte, Granados",1500,Pichincha,"Pichincha, De los Granados, Quito, Ecuador",4.0,3.0,150.0,0.0,Quito
"RENTO SUITE MODERNA, TOTALMENTE AMOBLADA Y EQUIPADA.. CAROLINA",690,Pichincha,"Pichincha, Av. Portugal, Quito 170102, Ecuador",3.0,2.0,60.0,1.0,Quito
"DEPARTAMENTO AMOBLADO EN RENTA TRES DORMITORIOS, REPÚBLICA DE EL SALVADOR",850,Pichincha,"Pichincha, Av República de El Salvador, Quito 170102, Ecuador",3.0,4.0,130.0,1.0,Quito
SUITE SEMIAMOBLADA EN RENTA. QUITO TENIS $360,360,Pichincha,"Pichincha, Hidalgo de Pinto Chaupicruz Quito Distrito Metropolitano de Quito",1.0,1.0,70.0,1.0,Hidalgo de Pinto Chaupicruz Quito Distrito Metropolitano de Quito
Departamento en Arriendo Bellavista,550,Pichincha,"Pichincha, Ignacio Bossano & Avenida 6 de Diciembre, Quito 170102, Ecuador",2.0,2.0,69.0,1.0,Quito
Departamento en Venta – Arriendo Carcelén/Mastodontes,300,Pichincha,"Pichincha, Jaime Roldós Aguilera & Calle E, Quito, Ecuador",2.0,2.0,84.0,1.0,Quito
Alquiló local en la 10 de Agosto y Mariana de Jesús,850,Pichincha,"Pichincha, 10 de agosto y mariana de Jesús",3.0,2.0,140.0,1.0,10 de agosto y mariana de Jesús
RENTO OFICINA EN SECTOR CAROLINA,750,Pichincha,"Pichincha, Tamayo & Avenida 6 de Diciembre, Quito 170102, Ecuador",4.0,2.0,96.0,2.0,Quito
ARRIENDO DEPARTAMENTO AMOBLADO,819,Pichincha,"Pichincha, Finlandia & Suecia, Quito, Ecuador",2.0,3.0,100.0,1.0,Quito
"Rento Oficina comercial Torre Boreal, Av. 12 de Octubre y Av. Colon, sector La Floresta",400,Pichincha,"Pichincha, N24-739 Avenue 12 De Octubre Mariscal Sucre Quito",3.0,1.0,60.0,1.0,N24-739 Avenue 12 De Octubre Mariscal Sucre Quito
ALQUILO SUITE TEMPORAL EN AV REPÚBLICA DEL SALVADOR,1000,Pichincha,"Pichincha, AV. REPÚBLICA DEL SALVADOR Y MOSCU",1.0,1.0,70.0,1.0,AV. REPÚBLICA DEL SALVADOR Y MOSCU
EDIFICIO EN RENTA,9000,Pichincha,"Pichincha, Avenida 10 de Agosto, Quito, Ecuador",0.0,6.0,4000.0,20.0,Quito
CASA PARA OFICINAS EN RENTA,2100,Pichincha,"Pichincha, SECTOR PLATAFORMA FINANCIERA NORTE",6.0,5.0,460.0,5.0,SECTOR PLATAFORMA FINANCIERA NORTE
Casa en renta valle La ESPE,600,Pichincha,"Pichincha, Sangolquí, Ecuador",3.0,2.0,100.0,1.0,Sangolquí
Hermoso departamento excelente sector Ponceano,500,Pichincha,"Pichincha, Ponceano",3.0,2.0,100.0,1.0,Ponceano
Hermosa casa De oportunidad 3 dormitorios excelente sector Ponceano Alto,480,Pichincha,"Pichincha, Ponceano Alto, Quito, Ecuador",3.0,3.0,150.0,1.0,Quito
Hermosa casa excelente sector colegio SEK quito,600,Pichincha,"Pichincha, De los Guayacanes N51, Quito 170124, Ecuador",4.0,3.0,200.0,2.0,Quito
Hm/ Sector La Pradera Usd 520 Se Arrienda Hermosa Suite Amoblada de 46 m².,520,Pichincha,"Pichincha, Diego de Almagro La Pradera Quito Distrito Metropolitano de Quito",1.0,1.0,46.0,1.0,Diego de Almagro La Pradera Quito Distrito Metropolitano de Quito
Hm/amazonas en Renta 100 m² – Mariscal Sucre Usd 850,850,Pichincha,"Pichincha, Av. Gral. Ignacio de Veintimilla & Av. Amazonas, Quito 170143, Ecuador",2.0,2.0,100.0,0.0,Quito
Hermoso departamento 2 Dormitorios excelente sector CCI,500,Pichincha,"Pichincha, Centro Comercial Iñaquito (CCI), Quito, Ecuador",2.0,2.0,100.0,1.0,Quito
ARRIENDO CAROLINA 3 DORMITORIOS 105 M2 $600,600,Pichincha,"Pichincha, Av. Eloy Alfaro & Av. de los Shyris, Quito 170102, Ecuador",3.0,2.0,105.0,1.0,Quito
VENDO O ARRIENDO QUINTA EN TUMBACO ARENAL HILACRYL,1200,Pichincha,"Pichincha, Aurelio Dávila Cajas, Quito, Ecuador",3.0,2.0,300.0,4.0,Quito
"Se alquila suite segura, cómoda y económica",165,Guayas,"Guayas, Urbanor, Guayaquil 090510, Ecuador",1.0,1.0,32.0,0.0,Guayaquil
Arriendo Dep. Cumbaya,300,Pichincha,"Pichincha, Rodrigo Nuñez, Quito 170184, Ecuador",2.0,1.0,100.0,1.0,Quito
Hermoso departamento de alquiler Sector El Batan,700,Pichincha,"Pichincha, El Batán, Quito, Ecuador",2.0,2.5,100.0,2.0,Quito
"Suite de alquiler amoblada en el Batan, ideal para estudiante!",500,Pichincha,"Pichincha, El Batán, Quito, Ecuador",1.0,1.5,60.0,1.0,Quito
Hermoso departamento de alquiler en el Batan,700,Pichincha,"Pichincha, El Batán, Quito, Ecuador",3.0,2.5,115.0,2.0,Quito
Hermoso Suite Loft amoblado de alquiler sector Whimper,550,Pichincha,"Pichincha, Whymper, Quito, Ecuador",1.0,2.0,74.0,1.0,Quito
Departamento de alquiler Urbanización El Condado,680,Pichincha,"Pichincha, Urbanización El Condado, Calle C, Quito, Ecuador",3.0,3.0,210.0,2.0,Quito
De Oportunidad casa de alquiler Urbanización El Condado SIN MUEBLES,750,Pichincha,"Pichincha, Calle C, Quito 170134, Ecuador",3.0,3.0,254.0,2.0,Quito
Alquiler suite de lujo sector El Bosque,550,Pichincha,"Pichincha, El Bosque, Quito, Ecuador",1.0,2.0,70.0,2.0,Quito
Arriendo Departamento en González Suárez,500,Pichincha,"Pichincha, Gonzalez Suarez, Quito, Ecuador",3.0,3.0,131.0,1.0,Quito
Arriendo Oficina Amoblada,500,Pichincha,"Pichincha, Quito, Ecuador",3.0,1.0,60.0,2.0,Quito
Arriendo o vendo amplia casa en San Rafael,3000,Pichincha,"Pichincha, Avenida General Enriquez & Isla San Cristobal, Quito, Ecuador",7.0,7.0,770.0,3.0,Quito
RENTA DEPARTAMENTO PONCIANO ALTO,490,Pichincha,"Pichincha,",3.0,2.0,180.0,1.0,Pichincha
Arriendo Suite Amoblada Estreno Carolina,600,Pichincha,"Pichincha, Avenida Eloy Alfaro, Quito, Ecuador",1.0,1.0,57.0,1.0,Quito
Arriendo Suite Amoblada República del Salvador,500,Pichincha,"Pichincha, La Carolina Quito Distrito Metropolitano de Quito Pichincha",1.0,1.0,65.0,1.0,La Carolina Quito Distrito Metropolitano de Quito Pichincha
Amplio departamento de alquiler Urbanización El Condado,500,Pichincha,"Pichincha, Calle C, Quito 170134, Ecuador",3.0,3.0,150.0,2.0,Quito
Departamento de arriendo Sector El Bosque,850,Pichincha,"Pichincha, El Bosque, Quito, Ecuador",3.0,2.5,140.0,2.0,Quito
Departamento de alquiler sector La Carolina por estrenar,800,Pichincha,"Pichincha, La Carolina, Quito, Ecuador",3.0,3.5,127.0,2.0,Quito
Casa de alquiler en Santa Lucia,550,Pichincha,"Pichincha, Santa Lucia, Quito, Ecuador",4.0,3.5,160.0,1.0,Quito
Céntrico departamento en arriendo Sector La Carolina,650,Pichincha,"Pichincha, La Carolina, Quito, Ecuador",2.0,2.5,100.0,1.0,Quito
Hermosa Casa de Lujo con piscina independiente de arriendo en Pusuqui,2500,Pichincha,"Pichincha, Pusuqui, Quito, Ecuador",4.0,5.0,700.0,5.0,Quito
SUITE DE ALQUILER AMOBLADA SECTOR MALL DEL SOL,800,Guayas,"Guayas, Av de Las Américas, Guayaquil 090513, Ecuador",1.0,1.0,80.0,1.0,Guayaquil
SUITE DE ALQUILER TOTALMENTE AMOBLADA SECTOR MALL DEL SOL,800,Guayas,"Guayas, Av de Las Américas, Guayaquil, Ecuador",1.0,1.0,85.0,1.0,Guayaquil
Lindo departamento semi amoblado de arriendo Sector Monteserrin,800,Pichincha,"Pichincha, Monteserrin, Quito, Ecuador",3.0,4.0,138.0,2.0,Quito
De oportunidad Galpón de arriendo Sector Pusuqui,4500,Pichincha,"Pichincha, Pusuqui, Quito, Ecuador",3.0,2.0,1000.0,3.0,Quito
Amplia y hermosa oficina en alquiler sector Batán bajo,700,Pichincha,"Pichincha, Batan Bajo, Quito, Ecuador",5.0,1.0,180.0,1.0,Quito
Amplio departamento amoblado en alquiler Sector Quito Tenis,1200,Pichincha,"Pichincha, Quito Tenis, Quito, Ecuador",3.0,3.0,190.0,2.0,Quito
Almacén de 2 plantas en arriendo Sector Calderón,4900,Pichincha,"Pichincha, Calderón, Quito, Ecuador",3.0,2.0,700.0,1.0,Quito
Precioso Departamento en alquiler Sector El Batán,740,Pichincha,"Pichincha, El Batán, Quito, Ecuador",3.0,3.0,140.0,2.0,Quito
Céntrico departamento en arriendo Sector República del Salvador,780,Pichincha,"Pichincha, Naciones Unidas Y Republica del Salvador, Quito, Ecuador",3.0,2.5,183.0,2.0,Quito
Departamento de alquiler en Sector Quito Tenis,1700,Pichincha,"Pichincha, Quito Tenis, Quito, Ecuador",3.0,3.1,271.0,2.0,Quito
Hermoso departamento de alquiler Sector El Condado,550,Pichincha,"Pichincha, Urbanización El Condado, Calle C, Quito, Ecuador",2.0,2.5,115.0,2.0,Quito
